-- phpMyAdmin SQL Dump
-- version 5.0.2
-- https://www.phpmyadmin.net/
--
-- Servidor: 127.0.0.1
-- Tiempo de generación: 29-07-2020 a las 00:58:49
-- Versión del servidor: 10.4.11-MariaDB
-- Versión de PHP: 7.4.6

SET SQL_MODE = "NO_AUTO_VALUE_ON_ZERO";
START TRANSACTION;
SET time_zone = "+00:00";


/*!40101 SET @OLD_CHARACTER_SET_CLIENT=@@CHARACTER_SET_CLIENT */;
/*!40101 SET @OLD_CHARACTER_SET_RESULTS=@@CHARACTER_SET_RESULTS */;
/*!40101 SET @OLD_COLLATION_CONNECTION=@@COLLATION_CONNECTION */;
/*!40101 SET NAMES utf8mb4 */;

--
CREATE DATABASE if NOT EXISTS fs2025_biblioteca;
USE fs2025_biblioteca;
--

-- --------------------------------------------------------

--
-- Estructura de tabla para la tabla `autores`
--

CREATE TABLE `autores` (
  `codigo_autor` int(3) NOT NULL,
  `apellido` varchar(27) DEFAULT NULL,
  `nombre` varchar(13) DEFAULT NULL,
  `nacionalidad` varchar(12) DEFAULT NULL
) ENGINE=InnoDB DEFAULT CHARSET=utf8;

--
-- Volcado de datos para la tabla `autores`
--

INSERT INTO `autores` (`codigo_autor`, `apellido`, `nombre`, `nacionalidad`) VALUES
(2, 'Fernandez', 'Marcos', 'Mexicana'),
(3, 'AYALA FERRERAS', 'JOAN', 'HONDUREÑA'),
(4, 'BAEZ TEJADO', 'JOAN', 'MEXICANA'),
(5, 'BASTARDES SOTO', 'MARC', 'ESPAÑOLA'),
(6, 'ANGUERA VILAFRANCA', 'JOSEP', 'INGLESA'),
(7, 'PASCUAL ALOY', 'ESTHER', 'GUATEMALTECA'),
(8, 'VALLÉS GIRVENT', 'LAURA', 'SALVADOREÑA'),
(9, 'RAYA GARCIA', 'RAQUEL', 'HONDUREÑA'),
(10, 'ANDREU CRUZ', 'JOAN', 'MEXICANA'),
(11, 'BARALDÉS COMAS', 'MARIA ISABEL', 'ESPAÑOLA'),
(12, 'BERENGUERAS CULLERÉS', 'ADRIÀ', 'INGLESA'),
(13, 'LÓPEZ DE PABLO GARCIA UCEDA', 'GERARD', 'GUATEMALTECA'),
(14, 'ARNAU MORENO', 'ELIOT', 'SALVADOREÑA'),
(15, 'RAYA GAVILAN', 'JORDI', 'HONDUREÑA'),
(16, 'ZAMBUDIO FIGULS', 'LLUÍS', 'MEXICANA'),
(17, 'BIDAULT CULLERÉS', 'LAURA', 'ESPAÑOLA'),
(18, 'BIOSCA FONTANET', 'JORDI', 'INGLESA'),
(19, 'ZAFRA FIGULS', 'DOUNYA', 'GUATEMALTECA'),
(20, 'ALEU ICART', 'JULIO', 'SALVADOREÑA'),
(21, 'BADIA TORNÉ', 'ANDREU', 'HONDUREÑA'),
(22, 'MORALES GESE', 'RAMON', 'MEXICANA'),
(23, 'BLANCO FONTANET', 'DAVID-JESE', 'ESPAÑOLA'),
(24, 'ALVAREZ FERNÁNDEZ', 'ARAN', 'INGLESA'),
(25, 'GARCIA ALMOGUERA', 'GEMMA', 'GUATEMALTECA'),
(26, 'LIBORI FIGUERAS', 'IVAN', 'SALVADOREÑA'),
(27, 'BIDAULT PUEYO', 'DAVID', 'HONDUREÑA'),
(28, 'BENITEZ JOSE', 'XAVIER', 'MEXICANA'),
(29, 'PASCUAL FLORES', 'MARIO', 'ESPAÑOLA'),
(30, 'AYALA TORNÉ', 'JESUS', 'INGLESA'),
(31, 'LISTAN FIGUERAS', 'GEMMA', 'GUATEMALTECA'),
(32, 'RASERO GAVILAN', 'SILVIA', 'SALVADOREÑA'),
(33, 'ARNALOT PUIG', 'ALBERT', 'HONDUREÑA'),
(34, 'MOLINER GARRIDO', 'MARIA', 'MEXICANA'),
(35, 'GALOBART GARCIA', 'BERTA', 'ESPAÑOLA'),
(36, 'LÓPEZ GARRIGASSAIT', 'BERTA', 'INGLESA'),
(37, 'SÁNCHEZ GÓMEZ', 'MIREIA', 'GUATEMALTECA'),
(38, 'ALAVEDRA SUNYÉ', 'GEMMA', 'SALVADOREÑA'),
(39, 'ALIGUÉ BONVEHÍ', 'MARIA ISABEL', 'HONDUREÑA'),
(40, 'MAS FRANCH', 'TONI', 'MEXICANA'),
(41, 'ALOY COMPTE', 'ALEJANDRO', 'ESPAÑOLA'),
(42, 'ASENSIO VEGA', 'JOAN MARTÍ', 'INGLESA'),
(43, 'BIDAULT PÉREZ', 'INGRID', 'GUATEMALTECA'),
(44, 'ALOY CODINACHS', 'OLIVER', 'SALVADOREÑA'),
(45, 'ALTIMIRAS ARMENTEROS', 'SANDRA', 'HONDUREÑA'),
(46, 'BELMONTE SÁNCHEZ', 'JORDI', 'MEXICANA'),
(47, 'BAJONA GARCIA', 'MARC', 'ESPAÑOLA'),
(48, 'AGUILAR RODRIGUEZ', 'JORDINA', 'INGLESA'),
(49, 'BARRIGA SOTO', 'MARIA JOSÉ', 'GUATEMALTECA'),
(50, 'AVILA MASJUAN', 'RAQUEL', 'SALVADOREÑA'),
(51, 'PARRAMON FLORES', 'ENRIC', 'HONDUREÑA'),
(52, 'AGUILAR RAMOS', 'MARTA', 'MEXICANA'),
(53, 'AYALA ALSINA', 'CARLA', 'ESPAÑOLA'),
(54, 'ALVAREZ TROYANO', 'MARIA NOELIA', 'INGLESA'),
(55, 'ALINS GONZÁLEZ', 'CRISTINA', 'GUATEMALTECA'),
(56, 'ACUÑA TORT', 'CARLOS', 'SALVADOREÑA'),
(57, 'ALGUÉ TRANCHO', 'DAVID', 'HONDUREÑA'),
(58, 'BADIA CASTILLO', 'CRISTIAN', 'MEXICANA'),
(59, 'BENITEZ FLORES', 'JULIO ALBERTO', 'ESPAÑOLA'),
(60, 'TORRUELLA GARCIA', 'SERGI', 'INGLESA'),
(61, 'ALBERICH RODRIGUEZ', 'ALEIX', 'GUATEMALTECA'),
(62, 'ARMENCOT PUIG', 'VERÒNICA', 'SALVADOREÑA'),
(63, 'ALIGUÉ RIVERA', 'MARIONA', 'HONDUREÑA'),
(64, 'BARRIGA RIU', 'MARC', 'MEXICANA'),
(65, 'PORTELLA GISPETS', 'GEMMA', 'ESPAÑOLA'),
(66, 'AGUILERA BAENA', 'RICARD', 'INGLESA'),
(67, 'RODRIGUEZ GARCÍA', 'JUAN', 'GUATEMALTECA'),
(68, 'AGUILAR SUNYÉ', 'MARTA', 'SALVADOREÑA'),
(69, 'BARRIGA TARDÀ', 'NATÀLIA', 'HONDUREÑA'),
(70, 'BARCONS LARA', 'MARTA', 'MEXICANA'),
(71, 'AGUILERA TATJÉ', 'LAURA', 'ESPAÑOLA'),
(72, 'ALEU PRAT', 'JOAN', 'INGLESA'),
(73, 'VALLÉS GIRVENT', 'ALEXIA', 'GUATEMALTECA'),
(74, 'MOLINA GARRIDO', 'FERRAN', 'SALVADOREÑA'),
(75, 'ARISSA HERMOSO', 'CRISTINA', 'HONDUREÑA'),
(76, 'BARALDÉS PARDO', 'JOSÉ ANTONIO', 'MEXICANA'),
(77, 'SUAREZ GARZÓN', 'JORDI', 'ESPAÑOLA'),
(78, 'ARPA MORENO', 'BEGONYA', 'INGLESA'),
(79, 'ALOY FARRANDO', 'INGRID', 'GUATEMALTECA'),
(80, 'LUQUE GARRIGASAIT', 'MIQUEL', 'SALVADOREÑA'),
(81, 'RIDÓ GÓMEZ', 'AGUSTÍ', 'HONDUREÑA'),
(82, 'SANTAMARIA FLOTATS', 'ANTONI', 'MEXICANA'),
(83, 'HERMS GÓMEZ', 'JOAN', 'ESPAÑOLA'),
(84, 'ARTIGAS MATURANO', 'MÒNICA', 'INGLESA'),
(85, 'AGUILAR MASANA', 'GERARD', 'GUATEMALTECA'),
(86, 'ALTIMIRAS SERAROLS', 'GEMMA', 'SALVADOREÑA'),
(87, 'TORRESCASANA GARCIA', 'MARIA', 'HONDUREÑA'),
(88, 'ARIZA PUIGBÓ', 'ORIOL', 'MEXICANA'),
(89, 'ALVAREZ ARMENTEROS', 'VIRGINIA', 'ESPAÑOLA'),
(90, 'BARALDÉS TARRAGÓ', 'DAMIÀ', 'INGLESA'),
(91, 'GARCIA GARCÍA', 'VALENTÍ', 'GUATEMALTECA'),
(92, 'AROCA GÓMEZ', 'AINA', 'SALVADOREÑA'),
(93, 'ALONSO RODRIGUEZ', 'DAVID', 'HONDUREÑA'),
(94, 'CANO GÓMEZ', 'GERARD', 'MEXICANA'),
(95, 'ALCAIDE MOLINA', 'MARTA', 'ESPAÑOLA'),
(96, 'AGUILERA PRAT', 'MIREIA', 'INGLESA'),
(97, 'ALAPONT ICART', 'ELOI', 'GUATEMALTECA'),
(98, 'RIVERO FLORIDO', 'ANNA', 'SALVADOREÑA'),
(99, 'AVILA MASJUAN', 'ALBA', 'HONDUREÑA'),
(100, 'GRANADOS ANDRÉS', 'SANDRA', 'MEXICANA'),
(101, 'FERRER GASSET', 'ERIC', 'ESPAÑOLA'),
(102, 'AMIGO MODREGO', 'LLUÍS', 'INGLESA'),
(103, 'ABDIN TATJÈ', 'CRISTIAN', 'GUATEMALTECA'),
(104, 'CANELLAS GOMEZ', 'GUILLEM', 'SALVADOREÑA'),
(105, 'HIDALGO ALTIMIRAS', 'DIMAS', 'HONDUREÑA'),
(106, 'BASTARDAS FRANCH', 'ANA INÉS', 'MEXICANA'),
(107, 'ABADIAS MASANA', 'IVET', 'ESPAÑOLA'),
(108, 'AREVALO SANCHEZ', 'JÚLIA', 'INGLESA'),
(109, 'ALINS MULET', 'DANIEL', 'GUATEMALTECA'),
(110, 'GARCIA GONZÁLEZ', 'ABEL', 'SALVADOREÑA'),
(111, 'ALVAREZ PARCERISA', 'IRENE', 'HONDUREÑA'),
(112, 'CASAS ANDRÉS', 'ADRIÀ', 'MEXICANA'),
(113, 'MORALES GESE', 'JAIRO', 'ESPAÑOLA'),
(114, 'BARALDÉS MARTORELL', 'CRISTINA', 'INGLESA'),
(115, 'AROCA GÓMEZ', 'DAVID', 'GUATEMALTECA'),
(116, 'RUEDA ALVAREZ', 'ADRIÀ', 'SALVADOREÑA'),
(117, 'ALVAREZ DOMENECH', 'LUCIA', 'HONDUREÑA'),
(118, 'BOIX GONZÁLEZ', 'CARLA', 'MEXICANA'),
(119, 'BARALDÉS MONRÓS', 'ADRIÀ', 'ESPAÑOLA'),
(120, 'AGUILERA MERINO', 'MARTA', 'INGLESA'),
(121, 'BAREA D\'HAENE', 'MARC', 'GUATEMALTECA'),
(122, 'BARROSO D\'HAENE', 'ALEX', 'SALVADOREÑA'),
(666, 'Soyla', 'Nueva', 'inventada');

-- --------------------------------------------------------

--
-- Estructura de tabla para la tabla `editoriales`
--

CREATE TABLE `editoriales` (
  `codigo_editorial` int(4) NOT NULL,
  `nombre` varchar(14) DEFAULT NULL,
  `direccion` varchar(24) DEFAULT NULL,
  `telefono` int(9) DEFAULT NULL,
  `email` varchar(25) DEFAULT NULL
) ENGINE=InnoDB DEFAULT CHARSET=utf8;

--
-- Volcado de datos para la tabla `editoriales`
--

INSERT INTO `editoriales` (`codigo_editorial`, `nombre`, `direccion`, `telefono`, `email`) VALUES
(100, 'Editorial 100', '7ma. Calle 23-21 Zona 15', 938205580, 'Editorial 100@correo.com'),
(200, 'Editorial 200', '1ra. Calle 25-19 Zona 7', 936545115, 'Editorial 200@correo.com'),
(300, 'Editorial 300', '3ra. Calle 3-65 Zona 3', 938202768, 'Editorial 300@correo.com'),
(400, 'Editorial 400', '1ra. Calle 25-18 Zona 15', 938727844, 'Editorial 400@correo.com'),
(500, 'Editorial 500', '2da. Calle 23-20 Zona 8', 938350521, 'Editorial 500@correo.com'),
(600, 'Editorial 600', '3ra. Calle 24-21 Zona 9', 938755645, 'Editorial 600@correo.com'),
(700, 'Editorial 700', '3ra. Calle 24-23 Zona 10', 936520547, 'Editorial 700@correo.com'),
(800, 'Editorial 800', '3ra. Calle 25-22 Zona 21', 936565656, 'Editorial 800@correo.com'),
(900, 'Editorial 900', '1ra. Calle 25-17 Zona 10', 936752156, 'Editorial 900@correo.com'),
(1000, 'Editorial 1000', '2da. Calle 25-19 Zona 16', 938385567, 'Editorial 1000@correo.com');

-- --------------------------------------------------------

--
-- Estructura de tabla para la tabla `empleados`
--

CREATE TABLE `empleados` (
  `codigo_empleado` int(4) NOT NULL,
  `nombre` varchar(16) DEFAULT NULL,
  `apellido` varchar(17) DEFAULT NULL,
  `direccion` varchar(26) DEFAULT NULL,
  `email` varchar(17) DEFAULT NULL
) ENGINE=InnoDB DEFAULT CHARSET=utf8;

--
-- Volcado de datos para la tabla `empleados`
--

INSERT INTO `empleados` (`codigo_empleado`, `nombre`, `apellido`, `direccion`, `email`) VALUES
(1001, 'Andrea Esperanza', 'Avila Mendoza', '3ra. Calle 25-21 Zona 10', 'andavi@correo.com'),
(1002, 'Ana Maribel', 'Bacajol', '3ra. Calle 25-01 Zona 13', 'anabac@correo.com'),
(1003, 'Katerin Johana', 'Barahona Aguilar', '6ta. Calle 25-16 Zona 13', 'katbar@correo.com'),
(1004, 'Josúe David', 'Barillas Quiñonez', '8va. Avenida 25-21 Zona 14', 'josbar@correo.com'),
(1005, 'Paulo André', 'Barrera Cardona', '2da. Calle 24-23 Zona 19', 'paubar@correo.com'),
(1006, 'Edgar Josue', 'Barrios Collado', '8va. Avenida 15-32 Zona 19', 'edgbar@correo.com'),
(1007, 'Allison Adriana', 'Barrios Nova', '2da. Calle 24-23 Zona 7', 'allbar@correo.com'),
(1008, 'Ana Lucia', 'Barrios Sandoval', '6ta. Avenida 27-23 Zona 17', 'anabar@correo.com'),
(1009, 'Andrea Jazzmeen', 'Batzibal Pérez', '1ra. Calle 23-22 Zona 18', 'andbat@correo.com'),
(1010, 'Ana Isabel', 'Beltetón Morales', '2da. Calle 24-23 Zona 19', 'anabel@correo.com');

-- --------------------------------------------------------

--
-- Estructura de tabla para la tabla `estados`
--

CREATE TABLE `estados` (
  `codigo_estado` int(1) NOT NULL,
  `nombre` varchar(7) DEFAULT NULL
) ENGINE=InnoDB DEFAULT CHARSET=utf8;

--
-- Volcado de datos para la tabla `estados`
--

INSERT INTO `estados` (`codigo_estado`, `nombre`) VALUES
(1, 'bueno'),
(2, 'regular'),
(3, 'de baja');

-- --------------------------------------------------------

--
-- Estructura de tabla para la tabla `estudiantes`
--

CREATE TABLE `estudiantes` (
  `carne_alumno` int(7) NOT NULL,
  `nombre` varchar(15) DEFAULT NULL,
  `apellido` varchar(18) DEFAULT NULL,
  `direccion` varchar(26) DEFAULT NULL,
  `telefono` int(8) DEFAULT NULL,
  `email` varchar(17) DEFAULT NULL,
  `fechanacimiento` date DEFAULT NULL,
  `codigo_grado` int(3) DEFAULT NULL
) ENGINE=InnoDB DEFAULT CHARSET=utf8;

--
-- Volcado de datos para la tabla `estudiantes`
--

INSERT INTO `estudiantes` (`carne_alumno`, `nombre`, `apellido`, `direccion`, `telefono`, `email`, `fechanacimiento`, `codigo_grado`) VALUES
(2013001, 'Ana Maribel', 'Ajcabul', '1ra. Calle 25-18 Zona 15', 22452154, 'anaajc@correo.com', '2010-08-07', 4),
(2013002, 'Katerin Johana', 'Albizures Keller', '2da. Calle 23-20 Zona 8', 22451323, 'katalb@correo.com', '2009-09-23', 5),
(2013003, 'Josúe David', 'Alva De Leon', '3ra. Calle 24-21 Zona 9', 22451326, 'josalv@correo.com', '2008-07-07', 6),
(2013004, 'Paulo André', 'Alvarado López', '3ra. Calle 24-23 Zona 10', 22451962, 'paualv@correo.com', '2007-07-29', 7),
(2013005, 'Edgar Josue', 'Alvarado Recinos', '3ra. Calle 25-22 Zona 21', 22451953, 'edgalv@correo.com', '2006-09-13', 8),
(2013006, 'Allison Adriana', 'Alvarado Recinos', '1ra. Calle 25-17 Zona 10', 22451713, 'allalv@correo.com', '2005-11-18', 9),
(2013007, 'Ana Lucia', 'Alvarez Salazar', '2da. Calle 25-19 Zona 16', 22452157, 'anaalv@correo.com', '2013-01-19', 1),
(2013008, 'Andrea Jazzmeen', 'Amaya Escobar', '3ra. Calle 25-19 Zona 12', 22451422, 'andama@correo.com', '2012-12-15', 2),
(2013009, 'Ana Isabel', 'Amaya Sandoval', '3ra. Calle 23-21 Zona 21', 22451872, 'anaama@correo.com', '2011-08-02', 3),
(2013010, 'Carmen Noemí', 'Aragon Ramirez', '1ra. Calle 27-22 Zona 10', 22451329, 'carara@correo.com', '2009-12-16', 5),
(2013011, 'Edy Gabriel', 'Arias Patzan', '1ra. Calle 20-12 Zona 4', 22451527, 'edyari@correo.com', '2008-06-03', 6),
(2013012, 'Diana Alejandra', 'Arreaza Gonzalez', '3ra. Calle 12-48 Zona 9', 22451215, 'diaarr@correo.com', '2007-03-08', 7),
(2013013, 'Jennifer Gisela', 'Arriola Jimenez', '1ra. Calle 23-20 Zona 13', 22451425, 'jenarr@correo.com', '2006-08-19', 8),
(2013014, 'Alex Anibal', 'Arroyo Bautista', '7ma. Calle 23-21 Zona 15', 22451641, 'alearr@correo.com', '2005-08-22', 9),
(2013015, 'Camila', 'Arteaga Ordoñez', '2da. Calle 23-21 Zona 11', 22451332, 'camart@correo.com', '2013-04-04', 1),
(2013016, 'Jasmin Vanesa', 'Avila Mendoza', '3ra. Calle 24-22 Zona 12', 22451335, 'jasavi@correo.com', '2012-05-04', 2),
(2013017, 'Flor de María', 'Bacajol', '3ra. Calle 23-20 Zona 17', 22452160, 'flobac@correo.com', '2011-09-16', 3),
(2013018, 'María Alejandra', 'Barahona Aguilar', '2da. Calle 24-21 Zona 14', 22451428, 'marbar@correo.com', '2010-03-12', 4),
(2013019, 'Johana', 'Barrios Collado', '6ta. Calle 24-22 Zona 16', 22451644, 'johbar@correo.com', '2007-02-21', 7),
(2013020, 'Wilder Santiago', 'Barrios Sandoval', '1ra. Calle 23-22 Zona 6', 22452085, 'wilbar@correo.com', '2005-11-04', 9),
(2013021, 'Isaías', 'Batzibal Pérez', '1ra. Calle 24-21 Zona 18', 22452163, 'isabat@correo.com', '2013-01-10', 1),
(2013022, 'Zoila', 'Beltetón Morales', '2da. Calle 27-22 Zona 19', 22452166, 'zoibel@correo.com', '2012-08-06', 2),
(2013023, 'Steven Daniel', 'Calderon Barillas', '4ta. Avenida 25-20 Zona 13', 22451338, 'stecal@correo.com', '2010-05-25', 4),
(2013024, 'Edna Saraí', 'Campollo Gomez', '3ra. Calle 25-21 Zona 10', 22451584, 'edncam@correo.com', '2008-09-04', 6),
(2013025, 'Jean Willy', 'Campos Escobar', '3ra. Calle 25-01 Zona 13', 22451986, 'jeacam@correo.com', '2007-11-23', 7),
(2013026, 'Sofía del Pilar', 'Cap González', '6ta. Calle 25-16 Zona 13', 22451851, 'sofcap@correo.com', '2006-05-12', 8),
(2013027, 'Luisa Fernanda', 'Cardona Chanquin', '8va. Avenida 25-21 Zona 14', 22451341, 'luicar@correo.com', '2005-02-03', 9),
(2013028, 'Carol Stephanía', 'Carranza García', '8va. Avenida 15-32 Zona 19', 22451998, 'carcar@correo.com', '2012-02-10', 2),
(2013029, 'Evelin Bricely', 'Carrillo', '2da. Calle 24-23 Zona 7', 22452088, 'evecar@correo.com', '2011-03-30', 3),
(2013030, 'Flor de María', 'Castro Popol', '6ta. Avenida 27-23 Zona 17', 22451647, 'flocas@correo.com', '2010-05-28', 4),
(2013031, 'Rogelio Ranfery', 'Chajon Canel', '1ra. Calle 23-22 Zona 18', 22451650, 'rogcha@correo.com', '2009-06-15', 5),
(2013032, 'Blanca Rosa', 'Chavarria Meza', '2da. Calle 24-23 Zona 19', 22451653, 'blacha@correo.com', '2008-07-29', 6),
(2013033, 'Brian Jossue', 'Chicas Samayoa', '1ra. Calle 23-21 Zona 5', 22451434, 'brichi@correo.com', '2007-12-25', 7),
(2013034, 'José Javier', 'Chinchilla Valdez', '2da. Calle 11-16 Zona 5', 22451530, 'joschi@correo.com', '2006-06-04', 8),
(2013035, 'José Pablo', 'Cobar de Paz', '2da. Calle 24-22 Zona 6', 22451437, 'joscob@correo.com', '2005-02-09', 9),
(2013036, 'Karla Yeraldine', 'Coronado Gomez', '3ra. Calle 3-65 Zona 3', 22451227, 'karcor@correo.com', '2012-03-27', 2),
(2013037, 'Cristel Yazmín', 'Coxaj Armas', '7ma. Calle 23-21 Zona 15', 22451344, 'cricox@correo.com', '2011-12-25', 3),
(2013038, 'Juan José', 'Coyoy Yol', '1ra. Calle 20-12 Zona 9', 22452091, 'juacoy@correo.com', '2010-08-13', 4),
(2013039, 'Hellen Rocio', 'Cruz Hernandez', '2da. Calle 5-15 Zona 2', 22452115, 'helcru@correo.com', '2009-11-16', 5),
(2013040, 'Nancy Paola', 'Cruz Lima', '1ra. Calle 20-12 Zona 4', 22451230, 'nancru@correo.com', '2008-05-18', 6),
(2013041, 'Victor Mauel', 'Cuca Hernández', '6ta. Calle 25-20 Zona 12', 22452367, 'viccuc@correo.com', '2006-04-16', 8),
(2013042, 'Yadira Yasmin', 'Cuscun Rodas', '3ra. Calle 25-01 Zona 6', 22451533, 'yadcus@correo.com', '2005-11-12', 9),
(2013043, 'Delia', 'Davila de Leon', '6ta. Calle 24-22 Zona 16', 22451347, 'deldav@correo.com', '2012-12-12', 2),
(2013044, 'Sara Eunice', 'de León Juárez', '3ra. Calle 27-23 Zona 13', 22452187, 'sarde @correo.com', '2010-05-08', 4),
(2013045, 'Bryan Alexander', 'de León Orozco', '1ra. Calle 23-22 Zona 14', 22452190, 'bryde @correo.com', '2009-01-03', 5),
(2013046, 'Lidia Roxana', 'de Leon Quevedo', '1ra. Calle 01-01 Zona 7', 22451239, 'lidde @correo.com', '2008-05-28', 6),
(2013047, 'Leonel Alfonso', 'De Paz Padilla', '2da. Calle 17-36 Zona 14', 22451443, 'leode @correo.com', '2006-02-10', 8),
(2013048, 'Byron David', 'De Paz Saavedra', '1ra. Calle 23-21 Zona 11', 22451587, 'byrde @correo.com', '2005-09-08', 9),
(2013049, 'Ada Ayaseni', 'Del Cid Sil', '2da. Calle 24-23 Zona 15', 22452193, 'adadel@correo.com', '2013-12-11', 1),
(2013050, 'Elena Raquel', 'Dieguez Hernandez', '2da. Calle 24-22 Zona 12', 22451590, 'eledie@correo.com', '2011-08-23', 3),
(2013051, 'Mónica Yulisa', 'Elias  Lucas', '2da. Calle 03-75 Zona 8', 22451242, 'móneli@correo.com', '2009-03-03', 5),
(2013052, 'Jefry Giovany', 'Enriquez Menendez', '3ra. Calle 12-48 Zona 9', 22451245, 'jefenr@correo.com', '2008-03-20', 6),
(2013053, 'Samuel Obed', 'Escobar Mazariegos', '1ra. Calle 23-21 Zona 14', 22452373, 'samesc@correo.com', '2007-05-29', 7),
(2013054, 'Wagner Adán', 'Fernandez Cortez', '1ra. Calle 25-16 Zona 16', 22451449, 'wagfer@correo.com', '2005-07-03', 9),
(2013055, 'Mélvin Noé', 'Ferrer Morales', '3ra. Calle 27-23 Zona 13', 22451593, 'mélfer@correo.com', '2013-03-05', 1),
(2013056, 'Maynor Abisaí', 'Galindo Ortega', '2da. Calle 17-36 Zona 14', 22452037, 'maygal@correo.com', '2012-09-27', 2),
(2013057, 'Aura Yasmin', 'Galvéz Boche', '3ra. Calle 25-15 Zona 15', 22452040, 'aurgal@correo.com', '2011-03-06', 3),
(2013058, 'Eduardo Josue', 'Garcìa Dìaz', '2da. Calle 03-75 Zona 8', 22451539, 'edugar@correo.com', '2010-07-13', 4),
(2013059, 'Christian Josè', 'Garcia Gramajo', '3ra. Calle 12-48 Zona 9', 22451542, 'chrgar@correo.com', '2009-11-21', 5),
(2013060, 'Ingrid Noemi', 'García Tocaya', '2da. Calle 11-16 Zona 10', 22452094, 'inggar@correo.com', '2008-01-03', 6),
(2013061, 'Selita Olinda', 'Gómez y Gómez', '3ra. Calle 12-48 Zona 5', 22452292, 'selgóm@correo.com', '2007-03-12', 7),
(2013062, 'José Antonio', 'González Padilla', '8va. Avenida 15-32 Zona 19', 22452295, 'josgon@correo.com', '2006-04-10', 8),
(2013063, 'Candelaria', 'Guarcax Pecher', '7ma. Calle 17-36 Zona 21', 22452298, 'cangua@correo.com', '2005-10-18', 9),
(2013064, 'Yadira Amairany', 'Gutierrez Pineda', '3ra. Calle 25-01 Zona 11', 22452097, 'yadgut@correo.com', '2011-06-26', 3),
(2013065, 'Wendy Araly', 'Guzmán Díaz', '1ra. Calle 25-16 Zona 16', 22452043, 'wenguz@correo.com', '2010-12-21', 4),
(2013066, 'Elmer Rogelio', 'Hernandez Benito', '1ra. Calle 01-01 Zona 12', 22452100, 'elmher@correo.com', '2009-02-25', 5),
(2013067, 'Erick Geovanny', 'Hernandez Gonzalez', '2da. Calle 24-23 Zona 15', 22451599, 'eriher@correo.com', '2008-03-04', 6),
(2013068, 'Claudia Leticia', 'Herrera Urizar', '3ra. Calle 24-23 Zona 10', 22451368, 'claher@correo.com', '2006-03-28', 8),
(2013069, 'Angel Estuardo', 'Higueros Pineda', '6ta. Avenida 25-16 Zona 9', 22452304, 'anghig@correo.com', '2005-05-23', 9),
(2013070, 'Jesika Mishel', 'Iboy Maldonado', '2da. Calle 25-17 Zona 17', 22452046, 'jesibo@correo.com', '2013-05-27', 1),
(2013071, 'Inés Eugenia', 'Jiménez Berganza', '3ra. Calle 25-21 Zona 10', 22451881, 'inéjim@correo.com', '2012-09-18', 2),
(2013072, 'María José', 'Jó Alvarado', '3ra. Calle 27-23 Zona 13', 22451890, 'marjó @correo.com', '2011-08-17', 3),
(2013073, 'Luisa Fernanda', 'Juarez Arauz', '3ra. Calle 25-22 Zona 5', 22451602, 'luijua@correo.com', '2010-11-16', 4),
(2013074, 'Kevin  Miguel', 'Juarez Sincal', '1ra. Calle  Zona 11', 22451371, 'kevjua@correo.com', '2009-05-05', 5),
(2013075, 'Henry Danilo', 'Juárez Torres', '2da. Calle 24-22 Zona 15', 22452376, 'henjuá@correo.com', '2008-11-22', 6),
(2013076, 'Carlos Javier', 'Lima Araujo', '2da. Calle  Zona 12', 22451374, 'carlim@correo.com', '2007-08-06', 7),
(2013077, 'Debie Stephanie', 'Lix Blanco', '2da. Calle 25-19 Zona 16', 22451266, 'deblix@correo.com', '2006-05-09', 8),
(2013078, 'Karla Zulema', 'Lopez', '3ra. Calle  Zona 13', 22451377, 'karlop@correo.com', '2005-09-22', 9),
(2013079, 'Deisi Suceli', 'López Alonzo', '3ra. Calle 25-18 Zona 18', 22452049, 'deilóp@correo.com', '2012-09-24', 2),
(2013080, 'Enoe Rosalina', 'Lopez Clavel', '3ra. Calle 3-65 Zona 10', 22451383, 'enolop@correo.com', '2011-10-25', 3),
(2013081, 'Mario Armando', 'Lopez Funes', '8va. Avenida 17-36 Zona 11', 22451548, 'marlop@correo.com', '2009-08-29', 5),
(2013082, 'Marco Tulio', 'Lopez Marcos', '2da. Calle 5-15 Zona 9', 22451677, 'marlop@correo.com', '2007-07-27', 7),
(2013083, 'Denis Eugenio', 'López Orellana', '1ra. Calle 23-20 Zona 13', 22451722, 'denlóp@correo.com', '2006-01-14', 8),
(2013084, 'Pedro Enrique', 'López Reyes', '3ra. Calle 25-22 Zona 5', 22452196, 'pedlóp@correo.com', '2012-12-24', 2),
(2013085, 'Brenda Johana', 'Lopez Tupul', '3ra. Calle 27-23 Zona 5', 22452379, 'brelop@correo.com', '2011-07-14', 3),
(2013086, 'Juan Carlos', 'Loyo Lucero', '2da. Calle 23-20 Zona 21', 22452055, 'jualoy@correo.com', '2010-12-27', 4),
(2013087, 'Edwin Alexander', 'Luna Gómez', '1ra. Calle 25-23 Zona 6', 22452199, 'edwlun@correo.com', '2009-01-04', 5),
(2013088, 'Miguel Angel', 'Lutin Alvarado', '3ra. Calle 24-21 Zona 8', 22452058, 'miglut@correo.com', '2008-11-03', 6),
(2013089, 'Arianda Alicia', 'Maldonado Herrera', '7ma. Calle 25-15 Zona 12', 22451551, 'arimal@correo.com', '2007-08-01', 7),
(2013090, 'Mynor Adolfo', 'Marroquin  Monroy', '1ra. Calle 24-21 Zona 18', 22451272, 'mynmar@correo.com', '2006-08-12', 8),
(2013091, 'Miguel Estuardo', 'Martinez Guerrero', '2da. Calle 27-22 Zona 19', 22451275, 'migmar@correo.com', '2005-02-19', 9),
(2013092, 'Cony Stefany', 'Martinez Velasquez', '3ra. Calle 23-21 Zona 21', 22451278, 'conmar@correo.com', '2013-05-29', 1),
(2013093, 'Milvia Lorena', 'Matz Aroch', '4ta. Avenida 27-22 Zona 9', 22452061, 'milmat@correo.com', '2012-05-03', 2),
(2013094, 'Karla Andrea', 'Medina Lopez', '1ra. Calle 24-22 Zona 8', 22451281, 'karmed@correo.com', '2011-09-02', 3),
(2013095, 'Miguel Antonio', 'Mejia Estrada', '1ra. Calle 20-12 Zona 11', 22451683, 'migmej@correo.com', '2010-04-11', 4),
(2013096, 'María José', 'Melendez Prieto', '3ra. Calle 25-15 Zona 15', 22451743, 'marmel@correo.com', '2008-03-14', 6),
(2013097, 'Luis Eduardo', 'Méndez Barrios', '4ta. Avenida 25-20 Zona 13', 22451932, 'luimén@correo.com', '2007-07-01', 7),
(2013098, 'Carlos Raúl', 'Méndez Mus', '2da. Calle 23-22 Zona 7', 22452202, 'carmén@correo.com', '2006-04-11', 8),
(2013099, 'Amy Lisseth', 'Merida HErnández', '2da. Calle 25-18 Zona 11', 22451716, 'amymer@correo.com', '2013-12-22', 1),
(2013100, 'Luis Fernando', 'Mojica Afanador', '3ra. Calle 25-18 Zona 18', 22451752, 'luimoj@correo.com', '2012-08-21', 2),
(2013101, 'Adriana Ester', 'Monroy Lucero', '1ra. Calle 25-16 Zona 16', 22451746, 'adrmon@correo.com', '2010-10-07', 4),
(2013102, 'Adriana Valeria', 'Monroy Mendoza', '2da. Calle 23-22 Zona 9', 22451959, 'adrmon@correo.com', '2009-04-30', 5),
(2013103, 'Kennya Walleska', 'Monterroso Urruela', '1ra. Calle 25-19 Zona 19', 22451755, 'kenmon@correo.com', '2006-04-28', 8),
(2013104, 'Kevin Alberto', 'Montoya Rodríguez', '2da. Calle 23-20 Zona 21', 22451758, 'kevmon@correo.com', '2005-03-04', 9),
(2013105, 'Hugo Humberto', 'Monzón Morales', '8va. Avenida 23-21 Zona 10', 22452064, 'hugmon@correo.com', '2013-07-14', 1),
(2013106, 'Sonia Elizabeth', 'Monzón Palacios', '3ra. Calle 24-23 Zona 8', 22452205, 'sonmon@correo.com', '2012-12-20', 2),
(2013107, 'Kevin Estuardo', 'Monzón Rodríguez', '4ta. Avenida 27-22 Zona 9', 22451764, 'kevmon@correo.com', '2011-01-10', 3),
(2013108, 'Sheyla Fabiola', 'Morales', '3ra. Calle 25-18 Zona 6', 22452208, 'shemor@correo.com', '2010-10-02', 4),
(2013109, 'Jennie Fernanda', 'Morales Barrera', '6ta. Calle 25-20 Zona 12', 22451773, 'jenmor@correo.com', '2009-05-21', 5),
(2013110, 'Genaro', 'Morales Cifuentes', '2da. Calle 24-23 Zona 7', 22452385, 'genmor@correo.com', '2008-06-19', 6),
(2013111, 'Luis Pablo', 'Morales Figueroa', '1ra. Calle 20-12 Zona 11', 22451386, 'luimor@correo.com', '2007-12-31', 7),
(2013112, 'Kevin José', 'Morales Garay', '7ma. Calle 24-22 Zona 11', 22451770, 'kevmor@correo.com', '2006-10-07', 8),
(2013113, 'Wendy Fabiola', 'Morales García', '1ra. Calle 25-19 Zona 7', 22452211, 'wenmor@correo.com', '2005-02-07', 9),
(2013114, 'Anastacia', 'Morales Martinez', '2da. Calle 11-16 Zona 12', 22451389, 'anamor@correo.com', '2013-11-25', 1),
(2013115, 'Andrés', 'Morales Palacios', '3ra. Calle 25-19 Zona 12', 22451719, 'andmor@correo.com', '2012-11-05', 2),
(2013116, 'Lincy Aracely', 'Morales Rodríguez', '2da. Calle 11-16 Zona 10', 22451797, 'linmor@correo.com', '2011-04-02', 3),
(2013117, 'William Eduardo', 'Morales Santos', '8va. Avenida 23-21 Zona 10', 22451470, 'wilmor@correo.com', '2010-09-30', 4),
(2013118, 'Linda Isabel', 'Morales Sigüenza', '2da. Calle 03-75 Zona 13', 22451806, 'linmor@correo.com', '2009-10-12', 5),
(2013119, 'keiko Tocayita', 'Mosquera Lee', '8va. Avenida 23-21 Zona 10', 22451767, 'keimos@correo.com', '2007-04-03', 7),
(2013120, 'Lissa María', 'Munguia Ortiz', '1ra. Calle 20-12 Zona 4', 22451824, 'lismun@correo.com', '2006-09-05', 8),
(2013121, 'Flor de Maria', 'Muz Chávez', '2da. Calle 23-20 Zona 8', 22452214, 'flomuz@correo.com', '2005-01-05', 9),
(2013122, 'Axel Daniel', 'Navarro Fuentes', '3ra. Calle 25-01 Zona 13', 22451392, 'axenav@correo.com', '2013-04-07', 1),
(2013123, 'Luis Ernesto', 'Navas Saquil', '7ma. Calle 24-22 Zona 11', 22451473, 'luinav@correo.com', '2012-11-25', 2),
(2013124, 'Lourdes Maribel', 'Noh Park', '2da. Calle 03-75 Zona 8', 22451836, 'lounoh@correo.com', '2011-03-17', 3),
(2013125, 'Lucía Elizabeth', 'Núñez García', '4ta. Avenida 15-32 Zona 10', 22451842, 'lucnúñ@correo.com', '2010-10-15', 4),
(2013126, 'Hamiltón Daniel', 'Ochoa Acosta', '3ra. Calle 25-21 Zona 10', 22451287, 'hamoch@correo.com', '2009-08-16', 5),
(2013127, 'Luis Alberto', 'Ordoñez Andres', '1ra. Calle 20-12 Zona 9', 22452388, 'luiord@correo.com', '2008-06-24', 6),
(2013128, 'Luis Fernando', 'Orellana Cantoral', '1ra. Calle 24-22 Zona 8', 22451875, 'luiore@correo.com', '2006-11-19', 8),
(2013129, 'Luis Miguel', 'Orellana Pérez', '1ra. Calle 23-20 Zona 13', 22452316, 'luiore@correo.com', '2005-06-03', 9),
(2013130, 'Madeleyn Sucely', 'Orozco Amezquita', '1ra. Calle 23-21 Zona 11', 22451884, 'madoro@correo.com', '2013-07-30', 1),
(2013131, 'Diego Enrique', 'Ortiz Arreaga', '3ra. Calle 24-21 Zona 9', 22452217, 'dieort@correo.com', '2011-05-15', 3),
(2013132, 'María Andrea', 'Ortiz Murga', '1ra. Calle 23-22 Zona 14', 22451893, 'marort@correo.com', '2010-07-05', 4),
(2013133, 'María del Pilar', 'Ortiz Zepeda', '1ra. Calle 25-23 Zona 6', 22451902, 'marort@correo.com', '2009-11-09', 5),
(2013134, 'María Fernanda', 'Ovalle Valladares', '1ra. Calle 27-22 Zona 10', 22451923, 'marova@correo.com', '2008-12-17', 6),
(2013135, 'María Fernanda', 'Pacheco Barahona', '8va. Avenida 25-21 Zona 14', 22451935, 'marpac@correo.com', '2007-02-22', 7),
(2013136, 'Dosti José', 'Palala Estrada', '6ta. Calle 25-20 Zona 12', 22451476, 'dospal@correo.com', '2006-07-03', 8),
(2013137, 'María Fernanda', 'Palomo Jimenez', '6ta. Calle 24-22 Zona 16', 22451941, 'marpal@correo.com', '2005-09-13', 9),
(2013138, 'Jasmine Denise', 'Paraiso Turckheim', '1ra. Calle 23-21 Zona 11', 22451290, 'jaspar@correo.com', '2013-10-27', 1),
(2013139, 'José Daniel', 'Pasan Herrera', '6ta. Avenida 25-21 Zona 13', 22451479, 'jospas@correo.com', '2012-12-10', 2),
(2013140, 'María Gabriela', 'Payeras Perez', '1ra. Calle 25-23 Zona 8', 22451956, 'marpay@correo.com', '2010-10-17', 4),
(2013141, 'Maria José', 'Pellecer Arreola', '1ra. Calle  Zona 11', 22451965, 'marpel@correo.com', '2009-03-12', 5),
(2013142, 'Rudy Noé', 'Peralta Garcia', '3ra. Calle 12-48 Zona 14', 22452106, 'rudper@correo.com', '2008-03-23', 6),
(2013143, 'María Ximena', 'Pérez Calijan', '1ra. Calle 01-01 Zona 14', 22451989, 'marpér@correo.com', '2006-02-07', 8),
(2013144, 'Cristhian Roel', 'Perez Moscoso', '2da. Calle 24-22 Zona 12', 22451293, 'criper@correo.com', '2013-11-13', 1),
(2013145, 'Hamlet Oswaldo', 'Pernilla de León', '2da. Calle 03-75 Zona 15', 22451992, 'hamper@correo.com', '2012-01-06', 2),
(2013146, 'Andrea', 'Piedrasanta Santos', '1ra. Calle 20-12 Zona 9', 22451794, 'andpie@correo.com', '2011-08-22', 3),
(2013147, 'Viviana Nataly', 'Pineda López', '2da. Calle 11-16 Zona 10', 22452391, 'vivpin@correo.com', '2010-09-28', 4),
(2013148, 'Mauro Antonio', 'Pinto Sarceño', '3ra. Calle 25-01 Zona 11', 22451800, 'maupin@correo.com', '2008-11-11', 6),
(2013149, 'Nidia Johana', 'Quino Isaguirre', '1ra. Calle 01-01 Zona 14', 22451692, 'nidqui@correo.com', '2006-10-25', 8),
(2013150, 'Jayce Shalline', 'Quiroa Larios', '1ra. Calle 23-21 Zona 14', 22451482, 'jayqui@correo.com', '2005-02-16', 9),
(2013151, 'Marvin Estuardo', 'Rabanales Aguilar', '3ra. Calle 27-22 Zona 15', 22452322, 'marrab@correo.com', '2013-04-02', 1),
(2013152, 'Kristel Manuela', 'Rafael Hernández', '14 Avenia 12-45 Zona 3', 22451812, 'kriraf@correo.com', '2012-03-14', 2),
(2013153, 'Luis Estuardo', 'Ramirez Cristales', '3ra. Calle 27-23 Zona 13', 22451296, 'luiram@correo.com', '2010-04-23', 4),
(2013154, 'Keilly Yanett', 'Ramirez Salazar', '2da. Calle 24-22 Zona 15', 22451485, 'keiram@correo.com', '2009-05-08', 5),
(2013155, 'Edwin Geovanni', 'Ramírez Valenzuela', '4ta. Avenida 15-32 Zona 10', 22452139, 'edwram@correo.com', '2008-11-02', 6),
(2013156, 'Joyner Fineas', 'Ramón Juan', '3ra. Calle 25-01 Zona 11', 22452394, 'joyram@correo.com', '2007-07-05', 7),
(2013157, 'David Alejandro', 'Recinos Gonzalez', '8va. Avenida 17-36 Zona 11', 22451845, 'davrec@correo.com', '2006-01-01', 8),
(2013158, 'David Fernando', 'Retana Recinos', '2da. Calle 03-75 Zona 15', 22451695, 'davret@correo.com', '2005-08-07', 9),
(2013159, 'Maria Alicia', 'Reyes Lam', '3ra. Calle 27-23 Zona 5', 22451488, 'marrey@correo.com', '2013-04-20', 1),
(2013160, 'Andrea Paola', 'Reyes Velàsquez', '2da. Calle 27-22 Zona 19', 22451572, 'andrey@correo.com', '2012-06-06', 2),
(2013161, 'Clara Leticia', 'Rios Mayen', '1ra. Calle 27-22 Zona 10', 22451626, 'clario@correo.com', '2011-02-02', 3),
(2013162, 'Brayam José', 'Roca Mansilla', '2da. Calle 24-22 Zona 6', 22452328, 'braroc@correo.com', '2010-01-16', 4),
(2013163, 'Arlen Oxana', 'Rodriguez Galindo', '2da. Calle 23-21 Zona 11', 22451629, 'arlrod@correo.com', '2007-10-12', 7),
(2013164, 'Abraham', 'Rodríguez López', '1ra. Calle 01-01 Zona 12', 22451803, 'abrrod@correo.com', '2006-07-10', 8),
(2013165, 'Patrick Allan', 'Romero Escriba', '2da. Calle 25-20 Zona 9', 22451878, 'patrom@correo.com', '2011-02-07', 3),
(2013166, 'Arguiré Anaynna', 'Rosal Tobar', '1ra. Calle 20-12 Zona 9', 22451497, 'argros@correo.com', '2010-09-11', 4),
(2013167, 'Otto Rene', 'Rosales Garcia', '3ra. Calle 12-48 Zona 14', 22451809, 'ottros@correo.com', '2009-05-02', 5),
(2013168, 'Javier Antonio', 'Rosales Méndez', '2da. Calle 24-23 Zona 15', 22451896, 'javros@correo.com', '2008-04-17', 6),
(2013169, 'Luis Ernesto', 'Rosales Paredes', '3ra. Calle 25-20 Zona 7', 22452331, 'luiros@correo.com', '2007-01-18', 7),
(2013170, 'Joselin Eliza', 'Ruíz Guzmán', '8va. Avenida 17-36 Zona 11', 22452142, 'josruí@correo.com', '2006-10-18', 8),
(2013171, 'Katerin Jasmin', 'Salazar Agustin', '3ra. Calle 12-48 Zona 5', 22451698, 'katsal@correo.com', '2005-03-22', 9),
(2013172, 'Bertha Alicia', 'Sánchez Barahona', '1ra. Calle 4-42 Zona 1', 22451815, 'bersán@correo.com', '2013-05-31', 1),
(2013173, 'Ana Mishell', 'Sanchez Morales', '2da. Calle 03-75 Zona 15', 22451398, 'anasan@correo.com', '2012-11-23', 2),
(2013174, 'Andrea Isabel', 'Santos Leon', '2da. Calle 11-16 Zona 10', 22451500, 'andsan@correo.com', '2011-05-01', 3),
(2013175, 'Dulce Marina', 'Schaad Paz', '14 Avenia 12-45 Zona 3', 22452109, 'dulsch@correo.com', '2010-10-03', 4),
(2013176, 'Mardoqueo', 'Sian Valdez', '1ra. Calle 01-01 Zona 12', 22452397, 'marsia@correo.com', '2009-09-24', 5),
(2013177, 'Silverio', 'Silva Alvarado', '2da. Calle 17-36 Zona 14', 22452334, 'silsil@correo.com', '2008-03-26', 6),
(2013178, 'Julia Vanessa', 'Sipaque Valle', '8va. Avenida 15-32 Zona 19', 22451701, 'julsip@correo.com', '2007-06-03', 7),
(2013179, 'Julio César', 'Tojin Pretzantzin', '3ra. Calle 25-15 Zona 15', 22452337, 'jultoj@correo.com', '2005-07-23', 9),
(2013180, 'Blanca Estela', 'Torres Fajardo', '7ma. Calle 25-15 Zona 12', 22452145, 'blator@correo.com', '2013-02-26', 1),
(2013181, 'Henry Noé', 'Tzoy Tiño', '6ta. Calle 25-16 Zona 13', 22452148, 'hentzo@correo.com', '2012-12-30', 2),
(2013182, 'José Pablo', 'Urías Valdés', '1ra. Calle 01-01 Zona 7', 22451833, 'josurí@correo.com', '2011-02-22', 3),
(2013183, 'Jeyson Leonardo', 'Vargas Crúz', '1ra. Calle 25-16 Zona 16', 22452340, 'jeyvar@correo.com', '2010-03-05', 4),
(2013184, 'Wanda Ximena', 'Vasquez Garcia', '7ma. Calle 17-36 Zona 21', 22451704, 'wanvas@correo.com', '2009-08-30', 5),
(2013185, 'Ana Cristina', 'Vega Sánchez', '3ra. Calle 24-22 Zona 12', 22451929, 'anaveg@correo.com', '2008-07-08', 6),
(2013186, 'Marina Ester', 'Velasquez Godinez', '4ta. Avenida 25-20 Zona 13', 22451635, 'marvel@correo.com', '2007-02-16', 7),
(2013187, 'Alex Geovanni', 'Velasquez Pérez', '6ta. Avenida 25-17 Zona 14', 22452151, 'alevel@correo.com', '2006-04-19', 8),
(2013188, 'Nancy Gabriela', 'Veliz Chajon', '1ra. Calle 24-22 Zona 8', 22451578, 'nanvel@correo.com', '2005-04-23', 9),
(2013189, 'Milvia Lorena', 'Veliz López', '2da. Calle 25-17 Zona 17', 22452343, 'milvel@correo.com', '2013-04-07', 1),
(2013190, 'Eddy Fernando', 'Vielman Isidro', '2da. Calle 25-20 Zona 9', 22451581, 'eddvie@correo.com', '2012-12-14', 2),
(2013191, 'Geraldine', 'Villamil Giraldo', '3ra. Calle 12-48 Zona 9', 22451839, 'gervil@correo.com', '2011-06-03', 3),
(2013192, 'Rosy Esmeralda', 'Villanueva López', '1ra. Calle 4-42 Zona 1', 22452112, 'rosvil@correo.com', '2010-02-16', 4),
(2013193, 'Marbelly Sarahy', 'Villeda Maldonado', '2da. Calle 23-21 Zona 11', 22451926, 'marvil@correo.com', '2009-05-17', 5),
(2013194, 'Bruno Leonel', 'Xar Cuca', '3ra. Calle 25-18 Zona 18', 22452346, 'bruxar@correo.com', '2008-08-02', 6),
(2013195, 'María Victoria', 'Yaqui Perez', '8va. Avenida 25-21 Zona 14', 22451638, 'maryaq@correo.com', '2007-05-29', 7),
(2013196, 'José Andres', 'Yoc Yucute', '2da. Calle 25-18 Zona 11', 22451419, 'josyoc@correo.com', '2006-04-24', 8),
(2013197, 'Irene Michell', 'Zacarias Gomez', '2da. Calle 5-15 Zona 2', 22451521, 'irezac@correo.com', '2005-09-29', 9),
(2013198, 'Sandra Isabel', 'Zaldivar Corado', '3ra. Calle 25-18 Zona 6', 22451317, 'sanzal@correo.com', '2013-10-22', 1),
(2013199, 'Hamiltón Daniel', 'Sipaque Valle', '3ra. Calle 25-21 Zona 10', 22451287, 'hamoch@correo.com', '2009-10-03', 5),
(2013200, 'Luis Alberto', 'Tojin Pretzantzin', '1ra. Calle 20-12 Zona 9', 22452388, 'luiord@correo.com', '2008-12-01', 6),
(2013201, 'Luis Fernando', 'Torres Fajardo', '1ra. Calle 24-22 Zona 8', 22451875, 'luiore@correo.com', '2006-11-30', 8),
(2013202, 'Luis Miguel', 'Tzoy Tiño', '1ra. Calle 23-20 Zona 13', 22452316, 'luiore@correo.com', '2005-06-05', 9),
(2013203, 'Madeleyn Sucely', 'Urías Valdés', '1ra. Calle 23-21 Zona 11', 22451884, 'madoro@correo.com', '2013-04-01', 1),
(2013204, 'Diego Enrique', 'Vargas Crúz', '3ra. Calle 24-21 Zona 9', 22452217, 'dieort@correo.com', '2011-01-22', 3),
(2013205, 'María Andrea', 'Vasquez Garcia', '1ra. Calle 23-22 Zona 14', 22451893, 'marort@correo.com', '2010-10-23', 4),
(2013206, 'María del Pilar', 'Vega Sánchez', '1ra. Calle 25-23 Zona 6', 22451902, 'marort@correo.com', '2009-01-23', 5),
(2013207, 'María Fernanda', 'Velasquez Godinez', '1ra. Calle 27-22 Zona 10', 22451923, 'marova@correo.com', '2008-10-17', 6),
(2013208, 'María Fernanda', 'Velasquez Pérez', '8va. Avenida 25-21 Zona 14', 22451935, 'marpac@correo.com', '2007-04-09', 7),
(2013209, 'Dosti José', 'Veliz Chajon', '6ta. Calle 25-20 Zona 12', 22451476, 'dospal@correo.com', '2006-10-31', 8),
(2013210, 'María Fernanda', 'Veliz López', '6ta. Calle 24-22 Zona 16', 22451941, 'marpal@correo.com', '2005-01-10', 9),
(2013211, 'Jasmine Denise', 'Vielman Isidro', '1ra. Calle 23-21 Zona 11', 22451290, 'jaspar@correo.com', '2013-05-25', 1),
(2013212, 'José Daniel', 'Villamil Giraldo', '6ta. Avenida 25-21 Zona 13', 22451479, 'jospas@correo.com', '2012-09-29', 2),
(2013213, 'María Gabriela', 'Villanueva López', '1ra. Calle 25-23 Zona 8', 22451956, 'marpay@correo.com', '2010-11-18', 4),
(2013214, 'Maria José', 'Villeda Maldonado', '1ra. Calle  Zona 11', 22451965, 'marpel@correo.com', '2009-02-23', 5),
(2013215, 'Rudy Noé', 'Xar Cuca', '3ra. Calle 12-48 Zona 14', 22452106, 'rudper@correo.com', '2008-08-07', 6),
(2013216, 'María Ximena', 'Yaqui Perez', '1ra. Calle 01-01 Zona 14', 22451989, 'marpér@correo.com', '2006-09-12', 8),
(2013217, 'Cristhian Roel', 'Yoc Yucute', '2da. Calle 24-22 Zona 12', 22451293, 'criper@correo.com', '2013-08-18', 1),
(2013218, 'Hamlet Oswaldo', 'Zacarias Gomez', '2da. Calle 03-75 Zona 15', 22451992, 'hamper@correo.com', '2012-12-29', 2),
(2013219, 'Andrea', 'Zaldivar Corado', '1ra. Calle 20-12 Zona 9', 22451794, 'andpie@correo.com', '2011-02-13', 3),
(2013220, 'Viviana Nataly', 'Ajcabul', '2da. Calle 11-16 Zona 10', 22452391, 'vivpin@correo.com', '2010-06-01', 4),
(2013221, 'Mauro Antonio', 'Albizures Keller', '3ra. Calle 25-01 Zona 11', 22451800, 'maupin@correo.com', '2008-05-19', 6),
(2013222, 'Nidia Johana', 'Alva De Leon', '1ra. Calle 01-01 Zona 14', 22451692, 'nidqui@correo.com', '2006-11-30', 8),
(2013223, 'Jayce Shalline', 'Alvarado López', '1ra. Calle 23-21 Zona 14', 22451482, 'jayqui@correo.com', '2005-07-21', 9),
(2013224, 'Marvin Estuardo', 'Alvarado Recinos', '3ra. Calle 27-22 Zona 15', 22452322, 'marrab@correo.com', '2013-07-21', 1),
(2013225, 'Kristel Manuela', 'Alvarado Recinos', '14 Avenia 12-45 Zona 3', 22451812, 'kriraf@correo.com', '2012-03-20', 2),
(2013226, 'Luis Estuardo', 'Alvarez Salazar', '3ra. Calle 27-23 Zona 13', 22451296, 'luiram@correo.com', '2010-06-20', 4),
(2013227, 'Keilly Yanett', 'Amaya Escobar', '2da. Calle 24-22 Zona 15', 22451485, 'keiram@correo.com', '2009-12-25', 5),
(2013228, 'Edwin Geovanni', 'Amaya Sandoval', '4ta. Avenida 15-32 Zona 10', 22452139, 'edwram@correo.com', '2008-11-01', 6),
(2013229, 'Joyner Fineas', 'Aragon Ramirez', '3ra. Calle 25-01 Zona 11', 22452394, 'joyram@correo.com', '2007-11-20', 7),
(2013230, 'David Alejandro', 'Arias Patzan', '8va. Avenida 17-36 Zona 11', 22451845, 'davrec@correo.com', '2006-12-05', 8),
(2013231, 'David Fernando', 'Arreaza Gonzalez', '2da. Calle 03-75 Zona 15', 22451695, 'davret@correo.com', '2005-11-17', 9),
(2013232, 'Maria Alicia', 'Arriola Jimenez', '3ra. Calle 27-23 Zona 5', 22451488, 'marrey@correo.com', '2013-11-20', 1),
(2013233, 'Andrea Paola', 'Arroyo Bautista', '2da. Calle 27-22 Zona 19', 22451572, 'andrey@correo.com', '2012-03-07', 2),
(2013234, 'Clara Leticia', 'Arteaga Ordoñez', '1ra. Calle 27-22 Zona 10', 22451626, 'clario@correo.com', '2011-08-29', 3),
(2013235, 'Brayam José', 'Avila Mendoza', '2da. Calle 24-22 Zona 6', 22452328, 'braroc@correo.com', '2010-08-22', 4),
(2013236, 'Arlen Oxana', 'Bacajol', '2da. Calle 23-21 Zona 11', 22451629, 'arlrod@correo.com', '2007-01-31', 7),
(2013237, 'Abraham', 'Barahona Aguilar', '1ra. Calle 01-01 Zona 12', 22451803, 'abrrod@correo.com', '2006-10-05', 8),
(2013238, 'Patrick Allan', 'Barrios Collado', '2da. Calle 25-20 Zona 9', 22451878, 'patrom@correo.com', '2011-12-24', 3),
(2013239, 'Arguiré Anaynna', 'Barrios Sandoval', '1ra. Calle 20-12 Zona 9', 22451497, 'argros@correo.com', '2010-04-29', 4),
(2013240, 'Otto Rene', 'Batzibal Pérez', '3ra. Calle 12-48 Zona 14', 22451809, 'ottros@correo.com', '2009-02-27', 5),
(2013241, 'Javier Antonio', 'Beltetón Morales', '2da. Calle 24-23 Zona 15', 22451896, 'javros@correo.com', '2008-02-21', 6),
(2013242, 'Luis Ernesto', 'Calderon Barillas', '3ra. Calle 25-20 Zona 7', 22452331, 'luiros@correo.com', '2007-09-22', 7),
(2013243, 'Joselin Eliza', 'Campollo Gomez', '8va. Avenida 17-36 Zona 11', 22452142, 'josruí@correo.com', '2006-06-11', 8),
(2013244, 'Katerin Jasmin', 'Campos Escobar', '3ra. Calle 12-48 Zona 5', 22451698, 'katsal@correo.com', '2005-07-31', 9),
(2013245, 'Bertha Alicia', 'Cap González', '1ra. Calle 4-42 Zona 1', 22451815, 'bersán@correo.com', '2013-09-29', 1),
(2013246, 'Ana Mishell', 'Cardona Chanquin', '2da. Calle 03-75 Zona 15', 22451398, 'anasan@correo.com', '2012-11-25', 2),
(2013247, 'Andrea Isabel', 'Carranza García', '2da. Calle 11-16 Zona 10', 22451500, 'andsan@correo.com', '2011-10-07', 3),
(2013248, 'Dulce Marina', 'Carrillo', '14 Avenia 12-45 Zona 3', 22452109, 'dulsch@correo.com', '2010-05-20', 4),
(2013249, 'Mardoqueo', 'Castro Popol', '1ra. Calle 01-01 Zona 12', 22452397, 'marsia@correo.com', '2009-01-01', 5),
(2013250, 'Silverio', 'Chajon Canel', '2da. Calle 17-36 Zona 14', 22452334, 'silsil@correo.com', '2008-10-30', 6);

-- --------------------------------------------------------

--
-- Estructura de tabla para la tabla `grados`
--

CREATE TABLE `grados` (
  `codigo_grado` int(3) NOT NULL,
  `nombre` varchar(16) DEFAULT NULL
) ENGINE=InnoDB DEFAULT CHARSET=utf8;

--
-- Volcado de datos para la tabla `grados`
--

INSERT INTO `grados` (`codigo_grado`, `nombre`) VALUES
(1, 'Primero Primaria'),
(2, 'Segundo Primaria'),
(3, 'Tercero Primaria'),
(4, 'Cuarto Primaria'),
(5, 'Quinto Primaria'),
(6, 'Sexto Primaria'),
(7, 'Primero Básico'),
(8, 'Segundo Básico'),
(9, 'Tercero Básico');

-- --------------------------------------------------------

--
-- Estructura de tabla para la tabla `libros`
--

CREATE TABLE `libros` (
  `codigo_libro` int(6) NOT NULL,
  `codigo_autor` int(3) DEFAULT NULL,
  `codigo_editorial` int(4) DEFAULT NULL,
  `titulo` varchar(13) DEFAULT NULL,
  `numero_paginas` int(3) DEFAULT NULL,
  `tamanio` varchar(8) DEFAULT NULL,
  `precio` decimal(10,0) DEFAULT NULL,
  `estado` int(1) DEFAULT NULL,
  `edicion` int(4) DEFAULT NULL
) ENGINE=InnoDB DEFAULT CHARSET=utf8;

--
-- Volcado de datos para la tabla `libros`
--

INSERT INTO `libros` (`codigo_libro`, `codigo_autor`, `codigo_editorial`, `titulo`, `numero_paginas`, `tamanio`, `precio`, `estado`, `edicion`) VALUES
(100002, 4, 200, 'Libro 2', 50, 'Oficio', '1175', 2, 1996),
(100003, 26, 300, 'Libro 3', 80, 'Bolsillo', '80', 3, 1997),
(100004, 22, 400, 'Libro 4', 125, 'Standard', '90', 1, 1998),
(100005, 19, 500, 'Libro 5', 300, 'Carta', '250', 2, 1999),
(100006, 10, 600, 'Libro 6', 455, 'Oficio', '300', 3, 2000),
(100007, 17, 700, 'Libro 7', 700, 'Bolsillo', '350', 1, 2001),
(100008, 25, 800, 'Libro 8', 275, 'Standard', '1150', 2, 2002),
(100009, 15, 900, 'Libro 9', 150, 'Carta', '125', 3, 2003),
(100010, 10, 1000, 'Libro 10', 75, 'Oficio', '150', 1, 2004),
(100011, 7, 100, 'Libro 11', 50, 'Bolsillo', '175', 2, 2005),
(100012, 14, 200, 'Libro 12', 80, 'Standard', '80', 3, 2006),
(100013, 11, 300, 'Libro 13', 125, 'Carta', '90', 1, 2007),
(100014, 8, 400, 'Libro 14', 300, 'Oficio', '250', 2, 2008),
(100015, 24, 500, 'Libro 15', 455, 'Bolsillo', '175', 3, 2009),
(100016, 9, 600, 'Libro 16', 700, 'Standard', '350', 1, 2010),
(100017, 6, 700, 'Libro 17', 275, 'Carta', '150', 2, 2011),
(100018, 4, 800, 'Libro 18', 150, 'Oficio', '125', 3, 2012),
(100019, 12, 900, 'Libro 19', 75, 'Bolsillo', '150', 1, 2013),
(100020, 13, 1000, 'Libro 20', 50, 'Standard', '175', 2, 1995),
(100021, 10, 100, 'Libro 21', 80, 'Carta', '80', 3, 1996),
(100022, 9, 200, 'Libro 22', 125, 'Oficio', '90', 1, 1997),
(100023, 15, 300, 'Libro 23', 300, 'Bolsillo', '250', 2, 1998),
(100024, 11, 400, 'Libro 24', 455, 'Standard', '300', 3, 1999),
(100025, 11, 500, 'Libro 25', 700, 'Carta', '350', 1, 2000),
(100026, 15, 600, 'Libro 26', 275, 'Oficio', '150', 2, 2001),
(100027, 15, 700, 'Libro 27', 150, 'Bolsillo', '125', 3, 2002),
(100028, 14, 800, 'Libro 28', 75, 'Standard', '150', 1, 2003),
(100029, 24, 900, 'Libro 29', 50, 'Carta', '175', 2, 2004),
(100030, 7, 1000, 'Libro 30', 80, 'Oficio', '80', 3, 2005),
(100031, 9, 100, 'Libro 31', 125, 'Bolsillo', '90', 1, 2006),
(100032, 13, 200, 'Libro 32', 300, 'Standard', '250', 2, 2007),
(100033, 16, 300, 'Libro 33', 455, 'Carta', '300', 3, 2008),
(100034, 9, 400, 'Libro 34', 700, 'Oficio', '350', 1, 2009),
(100035, 3, 500, 'Libro 35', 275, 'Bolsillo', '150', 2, 2010),
(100036, 3, 600, 'Libro 36', 150, 'Standard', '125', 3, 2011),
(100037, 21, 700, 'Libro 37', 75, 'Carta', '150', 1, 2012),
(100038, 3, 800, 'Libro 38', 50, 'Oficio', '175', 2, 2013),
(100039, 16, 900, 'Libro 39', 80, 'Bolsillo', '80', 3, 1995),
(100040, 9, 1000, 'Libro 40', 125, 'Standard', '90', 1, 1996),
(100041, 14, 100, 'Libro 41', 300, 'Carta', '250', 2, 1997),
(100042, 12, 200, 'Libro 42', 455, 'Oficio', '300', 3, 1998),
(100043, 5, 300, 'Libro 43', 700, 'Bolsillo', '350', 1, 1999),
(100044, 3, 400, 'Libro 44', 275, 'Standard', '150', 2, 2000),
(100045, 7, 500, 'Libro 45', 150, 'Carta', '125', 3, 2001),
(100046, 18, 600, 'Libro 46', 75, 'Oficio', '150', 1, 2002),
(100047, 7, 700, 'Libro 47', 50, 'Bolsillo', '175', 2, 2003),
(100048, 25, 800, 'Libro 48', 80, 'Standard', '80', 3, 2004),
(100049, 5, 900, 'Libro 49', 125, 'Carta', '90', 1, 2005),
(100050, 8, 1000, 'Libro 50', 300, 'Oficio', '250', 2, 2006),
(100051, 22, 100, 'Libro 51', 455, 'Bolsillo', '300', 3, 2007),
(100052, 6, 200, 'Libro 52', 700, 'Standard', '350', 1, 2008),
(100053, 17, 300, 'Libro 53', 275, 'Carta', '150', 2, 2009),
(100054, 24, 400, 'Libro 54', 150, 'Oficio', '125', 3, 2010),
(100055, 22, 500, 'Libro 55', 75, 'Bolsillo', '150', 1, 2011),
(100056, 22, 600, 'Libro 56', 50, 'Standard', '175', 2, 2012),
(100057, 22, 700, 'Libro 57', 80, 'Carta', '80', 3, 2013),
(100058, 9, 800, 'Libro 58', 125, 'Oficio', '90', 1, 1995),
(100059, 2, 900, 'Libro 59', 300, 'Bolsillo', '250', 2, 1996),
(100060, 3, 1000, 'Libro 60', 455, 'Standard', '300', 3, 1997),
(100061, 26, 100, 'Libro 61', 700, 'Carta', '350', 1, 1998),
(100062, 26, 200, 'Libro 62', 275, 'Oficio', '150', 2, 1999),
(100063, 13, 300, 'Libro 63', 150, 'Bolsillo', '125', 3, 2000),
(100064, 20, 400, 'Libro 64', 75, 'Standard', '150', 1, 2001),
(100065, 25, 500, 'Libro 65', 50, 'Carta', '175', 2, 2002),
(100066, 17, 600, 'Libro 66', 80, 'Oficio', '80', 3, 2003),
(100067, 19, 700, 'Libro 67', 125, 'Bolsillo', '90', 1, 2004),
(100068, 11, 800, 'Libro 68', 300, 'Standard', '250', 2, 2005),
(100069, 19, 900, 'Libro 69', 455, 'Carta', '300', 3, 2006),
(100070, 9, 1000, 'Libro 70', 700, 'Oficio', '350', 1, 2007),
(100071, 3, 100, 'Libro 71', 275, 'Bolsillo', '150', 2, 2008),
(100072, 18, 200, 'Libro 72', 150, 'Standard', '125', 3, 2009),
(100073, 6, 300, 'Libro 73', 75, 'Carta', '150', 1, 2010),
(100074, 25, 400, 'Libro 74', 50, 'Oficio', '175', 2, 2011),
(100075, 5, 500, 'Libro 75', 80, 'Bolsillo', '80', 3, 2012),
(100076, 19, 600, 'Libro 76', 125, 'Standard', '90', 1, 2013),
(100077, 21, 700, 'Libro 77', 300, 'Carta', '250', 2, 1995),
(100078, 10, 800, 'Libro 78', 455, 'Oficio', '300', 3, 1996),
(100079, 2, 900, 'Libro 79', 700, 'Bolsillo', '350', 1, 1997),
(100080, 4, 1000, 'Libro 80', 275, 'Standard', '150', 2, 1998),
(100081, 11, 100, 'Libro 81', 150, 'Carta', '125', 3, 1999),
(100082, 12, 200, 'Libro 82', 75, 'Oficio', '150', 1, 2000),
(100083, 6, 300, 'Libro 83', 50, 'Bolsillo', '175', 2, 2001),
(100084, 19, 400, 'Libro 84', 80, 'Standard', '80', 3, 2002),
(100085, 5, 500, 'Libro 85', 125, 'Carta', '90', 1, 2003),
(100086, 7, 600, 'Libro 86', 300, 'Oficio', '250', 2, 2004),
(100087, 3, 700, 'Libro 87', 455, 'Bolsillo', '300', 3, 2005),
(100088, 14, 800, 'Libro 88', 700, 'Standard', '350', 1, 2006),
(100089, 3, 900, 'Libro 89', 275, 'Carta', '150', 2, 2007),
(100090, 21, 1000, 'Libro 90', 150, 'Oficio', '125', 3, 2008),
(100091, 14, 100, 'Libro 91', 75, 'Bolsillo', '150', 1, 2009),
(100092, 3, 200, 'Libro 92', 50, 'Standard', '175', 2, 2010),
(100093, 14, 300, 'Libro 93', 80, 'Carta', '80', 3, 2011),
(100094, 14, 400, 'Libro 94', 125, 'Oficio', '90', 1, 2012),
(100095, 12, 500, 'Libro 95', 300, 'Bolsillo', '250', 2, 2013),
(100096, 12, 600, 'Libro 96', 455, 'Standard', '300', 3, 1995),
(100097, 21, 700, 'Libro 97', 700, 'Carta', '350', 1, 1996),
(100098, 25, 800, 'Libro 98', 275, 'Oficio', '150', 2, 1997),
(100099, 13, 900, 'Libro 99', 150, 'Bolsillo', '125', 3, 1998),
(100100, 11, 1000, 'Libro 100', 75, 'Standard', '150', 1, 1999),
(100101, 8, 100, 'Libro 101', 50, 'Carta', '175', 2, 2000),
(100102, 3, 200, 'Libro 102', 80, 'Oficio', '80', 3, 2001),
(100103, 20, 300, 'Libro 103', 125, 'Bolsillo', '90', 1, 2002),
(100104, 23, 400, 'Libro 104', 300, 'Standard', '250', 2, 2003),
(100105, 6, 500, 'Libro 105', 455, 'Carta', '300', 3, 2004),
(100106, 8, 600, 'Libro 106', 700, 'Oficio', '350', 1, 2005),
(100107, 24, 700, 'Libro 107', 275, 'Bolsillo', '150', 2, 2006),
(100108, 4, 800, 'Libro 108', 150, 'Standard', '125', 3, 2007),
(100109, 13, 900, 'Libro 109', 75, 'Carta', '150', 1, 2008),
(100110, 15, 1000, 'Libro 110', 50, 'Oficio', '175', 2, 2009),
(100111, 15, 100, 'Libro 111', 80, 'Bolsillo', '80', 3, 2010),
(100112, 11, 200, 'Libro 112', 125, 'Standard', '90', 1, 2011),
(100113, 6, 300, 'Libro 113', 300, 'Carta', '250', 2, 2012),
(100114, 23, 400, 'Libro 114', 455, 'Oficio', '300', 3, 2013),
(100115, 16, 500, 'Libro 115', 700, 'Bolsillo', '350', 1, 1995),
(100116, 11, 600, 'Libro 116', 275, 'Standard', '150', 2, 1996),
(100117, 6, 700, 'Libro 117', 150, 'Carta', '125', 3, 1997),
(100118, 23, 800, 'Libro 118', 75, 'Oficio', '150', 1, 1998),
(100119, 20, 900, 'Libro 119', 50, 'Bolsillo', '175', 2, 1999),
(100120, 14, 1000, 'Libro 120', 80, 'Standard', '80', 3, 2000),
(100121, 12, 100, 'Libro 121', 125, 'Carta', '90', 1, 2001),
(100122, 13, 200, 'Libro 122', 300, 'Oficio', '250', 2, 2002),
(100123, 2, 200, 'Libro 123', 50, 'Oficio', '100', 1, 2016),
(100124, 18, 400, 'Libro 124', 700, 'Standard', '350', 1, 2004),
(100125, 6, 500, 'Libro 125', 275, 'Carta', '150', 2, 2005),
(100126, 11, 600, 'Libro 126', 150, 'Oficio', '125', 3, 2006),
(100127, 25, 700, 'Libro 127', 75, 'Bolsillo', '150', 1, 2007),
(100128, 9, 800, 'Libro 128', 50, 'Standard', '175', 2, 2008),
(100129, 14, 900, 'Libro 129', 80, 'Carta', '80', 3, 2009),
(100130, 3, 1000, 'Libro 130', 125, 'Oficio', '90', 1, 2010),
(100131, 12, 100, 'Libro 131', 300, 'Bolsillo', '250', 2, 2011),
(100132, 7, 200, 'Libro 132', 455, 'Standard', '300', 3, 2012),
(100133, 20, 300, 'Libro 133', 700, 'Carta', '350', 1, 2013),
(100134, 20, 400, 'Libro 134', 275, 'Oficio', '150', 2, 1995),
(100135, 24, 500, 'Libro 135', 150, 'Bolsillo', '125', 3, 1996),
(100136, 7, 600, 'Libro 136', 75, 'Standard', '150', 1, 1997),
(100137, 15, 700, 'Libro 137', 50, 'Carta', '175', 2, 1998),
(100138, 7, 800, 'Libro 138', 80, 'Oficio', '80', 3, 1999),
(100139, 24, 900, 'Libro 139', 125, 'Bolsillo', '90', 1, 2000),
(100140, 6, 1000, 'Libro 140', 300, 'Standard', '250', 2, 2001),
(100141, 19, 100, 'Libro 141', 455, 'Carta', '300', 3, 2002),
(100142, 18, 200, 'Libro 142', 700, 'Oficio', '350', 1, 2003),
(100143, 11, 300, 'Libro 143', 275, 'Bolsillo', '150', 2, 2004),
(100144, 11, 400, 'Libro 144', 150, 'Standard', '125', 3, 2005),
(100145, 14, 500, 'Libro 145', 75, 'Carta', '150', 1, 2006),
(100146, 19, 600, 'Libro 146', 50, 'Oficio', '175', 2, 2007),
(100147, 3, 700, 'Libro 147', 80, 'Bolsillo', '80', 3, 2008),
(100148, 17, 800, 'Libro 148', 125, 'Standard', '90', 1, 2009),
(100149, 7, 900, 'Libro 149', 300, 'Carta', '250', 2, 2010),
(100150, 6, 1000, 'Libro 150', 455, 'Oficio', '300', 3, 2011),
(100151, 25, 100, 'Libro 151', 700, 'Bolsillo', '350', 1, 2012),
(100152, 9, 200, 'Libro 152', 275, 'Standard', '150', 2, 2013),
(100153, 4, 300, 'Libro 153', 150, 'Carta', '125', 3, 1995),
(100154, 3, 400, 'Libro 154', 75, 'Oficio', '150', 1, 1996),
(100155, 16, 500, 'Libro 155', 50, 'Bolsillo', '175', 2, 1997),
(100156, 8, 600, 'Libro 156', 80, 'Standard', '80', 3, 1998),
(100157, 14, 700, 'Libro 157', 125, 'Carta', '90', 1, 1999),
(100158, 2, 800, 'Libro 158', 300, 'Oficio', '250', 2, 2000),
(100159, 25, 900, 'Libro 159', 455, 'Bolsillo', '300', 3, 2001),
(100160, 24, 1000, 'Libro 160', 700, 'Standard', '350', 1, 2002),
(100161, 11, 100, 'Libro 161', 275, 'Carta', '150', 2, 2003),
(100162, 21, 200, 'Libro 162', 150, 'Oficio', '125', 3, 2004),
(100163, 14, 300, 'Libro 163', 75, 'Bolsillo', '150', 1, 2005),
(100164, 18, 400, 'Libro 164', 50, 'Standard', '175', 2, 2006),
(100165, 4, 500, 'Libro 165', 80, 'Carta', '80', 3, 2007),
(100166, 5, 600, 'Libro 166', 125, 'Oficio', '90', 1, 2008),
(100167, 12, 700, 'Libro 167', 300, 'Bolsillo', '250', 2, 2009),
(100168, 25, 800, 'Libro 168', 455, 'Standard', '300', 3, 2010),
(100169, 11, 900, 'Libro 169', 700, 'Carta', '350', 1, 2011),
(100170, 22, 1000, 'Libro 170', 275, 'Oficio', '150', 2, 2012),
(100171, 8, 100, 'Libro 171', 150, 'Bolsillo', '125', 3, 2013),
(100172, 6, 200, 'Libro 172', 75, 'Standard', '150', 1, 1995),
(100173, 19, 300, 'Libro 173', 50, 'Carta', '175', 2, 1996),
(100174, 7, 400, 'Libro 174', 80, 'Oficio', '80', 3, 1997),
(100175, 15, 500, 'Libro 175', 125, 'Bolsillo', '90', 1, 1998),
(100176, 4, 600, 'Libro 176', 300, 'Standard', '250', 2, 1999),
(100177, 25, 700, 'Libro 177', 455, 'Carta', '300', 3, 2000),
(100178, 4, 800, 'Libro 178', 700, 'Oficio', '350', 1, 2001),
(100179, 22, 900, 'Libro 179', 275, 'Bolsillo', '150', 2, 2002),
(100180, 20, 1000, 'Libro 180', 150, 'Standard', '125', 3, 2003),
(100181, 9, 100, 'Libro 181', 75, 'Carta', '150', 1, 2004),
(100182, 11, 200, 'Libro 182', 50, 'Oficio', '175', 2, 2005),
(100183, 25, 300, 'Libro 183', 80, 'Bolsillo', '80', 3, 2006),
(100184, 18, 400, 'Libro 184', 125, 'Standard', '90', 1, 2007),
(100185, 11, 500, 'Libro 185', 300, 'Carta', '250', 2, 2008),
(100186, 10, 600, 'Libro 186', 455, 'Oficio', '300', 3, 2009),
(100187, 5, 700, 'Libro 187', 700, 'Bolsillo', '350', 1, 2010),
(100188, 5, 800, 'Libro 188', 275, 'Standard', '150', 2, 2011),
(100189, 17, 900, 'Libro 189', 150, 'Carta', '125', 3, 2012),
(100190, 11, 1000, 'Libro 190', 75, 'Oficio', '150', 1, 1995),
(100191, 24, 100, 'Libro 191', 50, 'Bolsillo', '175', 2, 1995),
(100192, 25, 200, 'Libro 192', 80, 'Standard', '80', 3, 1995),
(100193, 10, 300, 'Libro 193', 125, 'Carta', '90', 1, 1996),
(100194, 2, 400, 'Libro 194', 300, 'Oficio', '250', 2, 1997),
(100195, 7, 500, 'Libro 195', 455, 'Bolsillo', '300', 3, 1998),
(100196, 3, 600, 'Libro 196', 700, 'Standard', '350', 1, 1999),
(100197, 20, 700, 'Libro 197', 275, 'Carta', '150', 2, 2000),
(100198, 12, 800, 'Blanca Nieves', 150, 'Oficio', '125', 3, 2001),
(100199, 16, 900, 'Libro 199', 75, 'Bolsillo', '150', 1, 2002),
(100200, 18, 1000, 'Libro 200', 50, 'Standard', '175', 2, 2003),
(100201, 8, 100, 'Libro 201', 80, 'Carta', '80', 3, 2004),
(100202, 12, 200, 'Libro 202', 125, 'Oficio', '90', 1, 2005),
(100203, 21, 300, 'Libro 203', 300, 'Bolsillo', '250', 2, 2006),
(100204, 16, 400, 'Libro 204', 455, 'Standard', '300', 3, 2007),
(100205, 10, 500, 'Libro 205', 700, 'Carta', '350', 1, 2008),
(100206, 2, 600, 'Libro 206', 275, 'Oficio', '150', 2, 2009),
(100207, 16, 700, 'Libro 207', 150, 'Bolsillo', '125', 3, 2010),
(100208, 14, 800, 'Libro 208', 75, 'Standard', '150', 1, 2011),
(100209, 14, 900, 'Libro 209', 50, 'Carta', '175', 2, 2012),
(100210, 6, 1000, 'Libro 210', 80, 'Oficio', '80', 3, 2013),
(100211, 2, 100, 'Libro 211', 125, 'Bolsillo', '90', 1, 1995),
(100212, 13, 200, 'Libro 212', 300, 'Standard', '250', 2, 1996),
(100213, 16, 300, 'Libro 213', 455, 'Carta', '300', 3, 1997),
(100214, 10, 400, 'Libro 214', 700, 'Oficio', '350', 1, 1998),
(100215, 23, 500, 'Libro 215', 275, 'Bolsillo', '150', 2, 1999),
(100216, 19, 600, 'Libro 216', 150, 'Standard', '125', 3, 2000),
(100217, 22, 700, 'Libro 217', 75, 'Carta', '150', 1, 2001),
(100218, 6, 800, 'Libro 218', 50, 'Oficio', '175', 2, 2002),
(100219, 20, 900, 'Libro 219', 80, 'Bolsillo', '80', 3, 2003),
(100220, 14, 1000, 'Libro 220', 125, 'Standard', '90', 1, 2004),
(100221, 17, 100, 'Libro 221', 300, 'Carta', '250', 2, 2005),
(100222, 17, 200, 'Libro 222', 455, 'Oficio', '300', 3, 2006),
(100223, 18, 300, 'Libro 223', 700, 'Bolsillo', '350', 1, 2007),
(100224, 15, 400, 'Libro 224', 275, 'Standard', '150', 2, 2008),
(100225, 19, 500, 'Libro 225', 150, 'Carta', '125', 3, 2009),
(100226, 11, 600, 'Libro 226', 75, 'Oficio', '150', 1, 2010),
(100227, 2, 700, 'Libro 227', 50, 'Bolsillo', '175', 2, 2011),
(100228, 13, 800, 'Libro 228', 80, 'Standard', '80', 3, 2012),
(100229, 13, 900, 'Libro 229', 125, 'Carta', '90', 1, 2013),
(100230, 4, 1000, 'Libro 230', 300, 'Oficio', '250', 2, 1995),
(100231, 22, 100, 'Libro 231', 455, 'Bolsillo', '300', 3, 1996),
(100232, 16, 200, 'Libro 232', 700, 'Standard', '350', 1, 1997),
(100233, 17, 300, 'Libro 233', 275, 'Carta', '150', 2, 1998),
(100234, 17, 400, 'Libro 234', 150, 'Oficio', '125', 3, 1999),
(100235, 5, 500, 'Libro 235', 75, 'Bolsillo', '150', 1, 2000),
(100236, 5, 600, 'Libro 236', 50, 'Standard', '175', 2, 2001),
(100237, 15, 700, 'Libro 237', 80, 'Carta', '80', 3, 2002),
(100238, 4, 800, 'Libro 238', 125, 'Oficio', '90', 1, 2003),
(100239, 19, 900, 'Libro 239', 300, 'Bolsillo', '250', 2, 2004),
(100240, 19, 1000, 'Libro 240', 455, 'Standard', '300', 3, 2005),
(100241, 17, 100, 'Libro 241', 700, 'Carta', '350', 1, 2006),
(100242, 7, 200, 'Libro 242', 275, 'Oficio', '150', 2, 2007),
(100243, 15, 300, 'Libro 243', 150, 'Bolsillo', '125', 3, 2008),
(100244, 16, 400, 'Libro 244', 75, 'Standard', '150', 1, 2009),
(100245, 16, 600, 'Libro 246', 80, 'Oficio', '80', 3, 2011),
(100246, 4, 700, 'Libro 247', 125, 'Bolsillo', '90', 1, 2012),
(100247, 4, 800, 'Libro 248', 300, 'Standard', '250', 2, 2013),
(100248, 10, 900, 'Libro 249', 455, 'Carta', '300', 3, 1995),
(100249, 3, 1000, 'Libro 250', 700, 'Oficio', '350', 1, 1996),
(100250, 19, 100, 'Libro 251', 275, 'Bolsillo', '150', 2, 1997),
(100251, 13, 200, 'Libro 252', 150, 'Standard', '125', 3, 1998),
(100252, 25, 300, 'Libro 253', 75, 'Carta', '150', 1, 1999),
(100253, 20, 400, 'Libro 254', 50, 'Oficio', '175', 2, 2000),
(100254, 16, 500, 'Libro 255', 80, 'Bolsillo', '80', 3, 2001),
(100255, 22, 600, 'Libro 256', 125, 'Standard', '90', 1, 2002),
(100256, 3, 700, 'Libro 257', 300, 'Carta', '250', 2, 2003),
(100257, 20, 800, 'Libro 258', 455, 'Oficio', '300', 3, 2004),
(100258, 24, 900, 'Libro 259', 700, 'Bolsillo', '350', 1, 2005),
(100259, 23, 1000, 'Libro 260', 275, 'Standard', '150', 2, 2006),
(100260, 22, 100, 'Libro 261', 150, 'Carta', '125', 3, 2007),
(100261, 6, 200, 'Libro 262', 75, 'Oficio', '150', 1, 2008),
(100262, 26, 300, 'Libro 263', 50, 'Bolsillo', '175', 2, 2009),
(100263, 3, 400, 'Libro 264', 80, 'Standard', '80', 3, 2010),
(100264, 5, 500, 'Libro 265', 125, 'Carta', '90', 1, 2011),
(100265, 5, 600, 'Libro 266', 300, 'Oficio', '250', 2, 2012),
(100266, 18, 700, 'Libro 267', 455, 'Bolsillo', '300', 3, 2013),
(100267, 6, 800, 'Libro 268', 700, 'Standard', '350', 1, 1995),
(100268, 15, 900, 'Libro 269', 275, 'Carta', '150', 2, 1996),
(100269, 6, 1000, 'Libro 270', 150, 'Oficio', '125', 3, 1997),
(100270, 19, 100, 'Libro 271', 75, 'Bolsillo', '150', 1, 1998),
(100271, 7, 200, 'Libro 272', 50, 'Standard', '175', 2, 1999),
(100272, 11, 300, 'Libro 273', 80, 'Carta', '80', 3, 2000),
(100273, 4, 400, 'Libro 274', 125, 'Oficio', '90', 1, 2001),
(100274, 3, 500, 'Libro 275', 300, 'Bolsillo', '250', 2, 2002),
(100275, 4, 600, 'Libro 276', 455, 'Standard', '300', 3, 2003),
(100276, 17, 700, 'Libro 277', 700, 'Carta', '350', 1, 2004),
(100277, 13, 800, 'Libro 278', 275, 'Oficio', '150', 2, 2005),
(100278, 8, 900, 'Libro 279', 150, 'Bolsillo', '125', 3, 2006),
(100279, 4, 1000, 'Libro 280', 75, 'Standard', '150', 1, 2007),
(100280, 13, 100, 'Libro 281', 50, 'Carta', '175', 2, 2008),
(100281, 26, 200, 'Libro 282', 80, 'Oficio', '80', 3, 2009),
(100282, 25, 300, 'Libro 283', 125, 'Bolsillo', '90', 1, 2010),
(100283, 26, 400, 'Libro 284', 300, 'Standard', '250', 2, 2011),
(100284, 11, 500, 'Libro 285', 455, 'Carta', '300', 3, 2012),
(100285, 9, 600, 'Libro 286', 700, 'Oficio', '350', 1, 1995),
(100286, 3, 700, 'Libro 287', 275, 'Bolsillo', '150', 2, 1996),
(100287, 10, 800, 'Libro 288', 150, 'Standard', '125', 3, 1997),
(100288, 26, 900, 'Libro 289', 75, 'Carta', '150', 1, 1998),
(100289, 15, 1000, 'Libro 290', 50, 'Oficio', '175', 2, 1999),
(100290, 8, 100, 'Libro 291', 80, 'Bolsillo', '80', 3, 2000),
(100291, 2, 200, 'Libro 292', 125, 'Standard', '90', 1, 2001),
(100292, 13, 300, 'Libro 293', 300, 'Carta', '250', 2, 2002),
(100293, 23, 400, 'Libro 294', 455, 'Oficio', '300', 3, 2003),
(100294, 7, 500, 'Libro 295', 700, 'Bolsillo', '350', 1, 2004),
(100295, 19, 600, 'Libro 296', 275, 'Standard', '150', 2, 2005),
(100296, 13, 700, 'Libro 297', 150, 'Carta', '125', 3, 2006),
(100297, 8, 800, 'Libro 298', 75, 'Oficio', '150', 1, 2007),
(100298, 20, 900, 'Libro 299', 50, 'Bolsillo', '175', 2, 2008),
(100299, 4, 1000, 'Libro 300', 80, 'Standard', '80', 3, 2009),
(100300, 7, 100, 'Libro 301', 125, 'Carta', '90', 1, 2010),
(100301, 3, 200, 'Libro 302', 300, 'Oficio', '250', 2, 2011),
(100302, 5, 300, 'Libro 303', 455, 'Bolsillo', '300', 3, 2012),
(100303, 14, 400, 'Libro 304', 700, 'Standard', '350', 1, 2013),
(100304, 23, 500, 'Libro 305', 275, 'Carta', '150', 2, 1995),
(100305, 15, 600, 'Libro 306', 150, 'Oficio', '125', 3, 1996),
(100306, 26, 700, 'Libro 307', 75, 'Bolsillo', '150', 1, 1997),
(100307, 2, 800, 'Libro 308', 50, 'Standard', '175', 2, 1998),
(100308, 21, 900, 'Libro 309', 80, 'Carta', '80', 3, 1999),
(100309, 12, 1000, 'Libro 310', 125, 'Oficio', '90', 1, 2000),
(100310, 15, 100, 'Libro 311', 300, 'Bolsillo', '250', 2, 2001),
(100311, 23, 200, 'Libro 312', 455, 'Standard', '300', 3, 2002),
(100312, 10, 300, 'Libro 313', 700, 'Carta', '350', 1, 2003),
(100313, 20, 400, 'Libro 314', 275, 'Oficio', '150', 2, 2004),
(100314, 21, 500, 'Libro 315', 150, 'Bolsillo', '125', 3, 2005),
(100315, 21, 600, 'Libro 316', 75, 'Standard', '150', 1, 2006),
(100316, 3, 700, 'Libro 317', 50, 'Carta', '175', 2, 2007),
(100317, 11, 800, 'Libro 318', 80, 'Oficio', '80', 3, 2008),
(100318, 5, 900, 'Libro 319', 125, 'Bolsillo', '90', 1, 2009),
(100319, 17, 1000, 'Libro 320', 300, 'Standard', '250', 2, 2010),
(100320, 5, 100, 'Libro 321', 455, 'Carta', '300', 3, 2011),
(100321, 21, 200, 'Libro 322', 700, 'Oficio', '350', 1, 2012),
(100322, 25, 300, 'Libro 323', 275, 'Bolsillo', '150', 2, 2013),
(100323, 8, 400, 'Libro 324', 150, 'Standard', '125', 3, 1995),
(100324, 14, 500, 'Libro 325', 75, 'Carta', '150', 1, 1996),
(100325, 6, 600, 'Libro 326', 50, 'Oficio', '175', 2, 1997),
(100326, 2, 700, 'Libro 327', 80, 'Bolsillo', '80', 3, 1998),
(100327, 6, 800, 'Libro 328', 125, 'Standard', '90', 1, 1999),
(100328, 21, 900, 'Libro 329', 300, 'Carta', '250', 2, 2000),
(100329, 23, 1000, 'Libro 330', 455, 'Oficio', '300', 3, 2001),
(100330, 21, 100, 'Libro 331', 700, 'Bolsillo', '350', 1, 2002),
(100331, 17, 200, 'Libro 332', 275, 'Standard', '150', 2, 2003),
(100332, 7, 300, 'Libro 333', 150, 'Carta', '125', 3, 2004),
(100333, 22, 400, 'Libro 334', 75, 'Oficio', '150', 1, 2005),
(100334, 12, 500, 'Libro 335', 50, 'Bolsillo', '175', 2, 2006),
(100335, 11, 600, 'Libro 336', 80, 'Standard', '80', 3, 2007),
(100336, 25, 700, 'Libro 337', 125, 'Carta', '90', 1, 2008),
(100337, 3, 800, 'Libro 338', 300, 'Oficio', '250', 2, 2009),
(100338, 15, 900, 'Libro 339', 455, 'Bolsillo', '300', 3, 2010),
(100339, 6, 1000, 'Libro 340', 700, 'Standard', '350', 1, 2011),
(100340, 22, 100, 'Libro 341', 275, 'Carta', '150', 2, 2012),
(100341, 14, 200, 'Libro 342', 150, 'Oficio', '125', 3, 2013),
(100342, 16, 300, 'Libro 343', 75, 'Bolsillo', '150', 1, 1995),
(100343, 9, 400, 'Libro 344', 50, 'Standard', '175', 2, 1996),
(100344, 6, 500, 'Libro 345', 80, 'Carta', '80', 3, 1997),
(100345, 16, 600, 'Libro 346', 125, 'Oficio', '90', 1, 1998),
(100346, 13, 700, 'Libro 347', 300, 'Bolsillo', '250', 2, 1999),
(100347, 3, 800, 'Libro 348', 455, 'Standard', '300', 3, 2000),
(100348, 16, 900, 'Libro 349', 700, 'Carta', '350', 1, 2001),
(100349, 16, 1000, 'Libro 350', 275, 'Oficio', '150', 2, 2002),
(100350, 16, 100, 'Libro 351', 150, 'Bolsillo', '125', 3, 2003),
(100351, 12, 200, 'Libro 352', 75, 'Standard', '150', 1, 2004),
(100352, 17, 300, 'Libro 353', 50, 'Carta', '175', 2, 2005),
(100353, 24, 400, 'Libro 354', 80, 'Oficio', '80', 3, 2006),
(100354, 5, 500, 'Libro 355', 125, 'Bolsillo', '90', 1, 2007),
(100355, 23, 600, 'Libro 356', 300, 'Standard', '250', 2, 2008),
(100356, 21, 700, 'Libro 357', 455, 'Carta', '300', 3, 2009),
(100357, 17, 800, 'Libro 358', 700, 'Oficio', '350', 1, 2010),
(100358, 19, 900, 'Libro 359', 275, 'Bolsillo', '150', 2, 2011),
(100359, 19, 1000, 'Libro 360', 150, 'Standard', '125', 3, 2012),
(100360, 24, 100, 'Libro 361', 75, 'Carta', '150', 1, 2013),
(100361, 10, 200, 'Libro 362', 50, 'Oficio', '175', 2, 1995),
(100362, 2, 300, 'Libro 363', 80, 'Bolsillo', '80', 3, 1996),
(100363, 6, 400, 'Libro 364', 125, 'Standard', '90', 1, 1997),
(100364, 13, 500, 'Libro 365', 300, 'Carta', '250', 2, 1998),
(100365, 8, 600, 'Libro 366', 455, 'Oficio', '300', 3, 1999),
(100366, 12, 800, 'Libro 368', 275, 'Standard', '150', 2, 2001),
(100367, 11, 900, 'Libro 369', 150, 'Carta', '125', 3, 2002),
(100368, 8, 1000, 'Libro 370', 75, 'Oficio', '150', 1, 2003),
(100369, 17, 100, 'Libro 371', 50, 'Bolsillo', '175', 2, 2004),
(100370, 24, 200, 'Libro 372', 80, 'Standard', '80', 3, 2005),
(100371, 5, 300, 'Libro 373', 125, 'Carta', '90', 1, 2006),
(100372, 22, 400, 'Libro 374', 300, 'Oficio', '250', 2, 2007),
(100373, 5, 500, 'Libro 375', 455, 'Bolsillo', '300', 3, 2008),
(100374, 23, 600, 'Libro 376', 700, 'Standard', '350', 1, 2009),
(100375, 12, 700, 'Libro 377', 275, 'Carta', '150', 2, 2010),
(100376, 21, 800, 'Libro 378', 150, 'Oficio', '125', 3, 2011),
(100377, 25, 900, 'Libro 379', 75, 'Bolsillo', '150', 1, 2012),
(100378, 10, 1000, 'Libro 380', 50, 'Standard', '175', 2, 1995),
(100379, 22, 100, 'Libro 381', 80, 'Carta', '80', 3, 1996),
(100380, 23, 200, 'Libro 382', 125, 'Oficio', '90', 1, 1997),
(100381, 7, 300, 'Libro 383', 300, 'Bolsillo', '250', 2, 1998),
(100382, 13, 400, 'Libro 384', 455, 'Standard', '300', 3, 1999),
(100383, 26, 500, 'Libro 385', 700, 'Carta', '350', 1, 2000),
(100384, 18, 600, 'Libro 386', 275, 'Oficio', '150', 2, 2001),
(100385, 3, 700, 'Libro 387', 150, 'Bolsillo', '125', 3, 2002),
(100386, 21, 800, 'Libro 388', 75, 'Standard', '150', 1, 2003),
(100387, 9, 900, 'Libro 389', 50, 'Carta', '175', 2, 2004),
(100388, 4, 1000, 'Libro 390', 80, 'Oficio', '80', 3, 2005),
(100389, 23, 100, 'Libro 391', 125, 'Bolsillo', '90', 1, 2006),
(100390, 23, 200, 'Libro 392', 300, 'Standard', '250', 2, 2007),
(100391, 21, 300, 'Libro 393', 455, 'Carta', '300', 3, 2008),
(100392, 21, 400, 'Libro 394', 700, 'Oficio', '350', 1, 2009),
(100393, 15, 500, 'Libro 395', 275, 'Bolsillo', '150', 2, 2010),
(100394, 11, 600, 'Libro 396', 150, 'Standard', '125', 3, 2011),
(100395, 7, 700, 'Libro 397', 75, 'Carta', '150', 1, 2012),
(100396, 13, 800, 'Libro 398', 50, 'Oficio', '175', 2, 2013),
(100397, 23, 900, 'Libro 399', 80, 'Bolsillo', '80', 3, 1995),
(100398, 21, 1000, 'Libro 400', 125, 'Standard', '90', 1, 1996),
(100399, 8, 100, 'Libro 401', 300, 'Carta', '250', 2, 1997),
(100400, 17, 200, 'Libro 402', 455, 'Oficio', '300', 3, 1998),
(100401, 14, 300, 'Libro 403', 700, 'Bolsillo', '350', 1, 1999),
(100402, 16, 400, 'Libro 404', 275, 'Standard', '150', 2, 2000),
(100403, 18, 500, 'Libro 405', 150, 'Carta', '125', 3, 2001),
(100404, 4, 600, 'Libro 406', 75, 'Oficio', '150', 1, 2002),
(100405, 8, 700, 'Libro 407', 50, 'Bolsillo', '175', 2, 2003),
(100406, 25, 800, 'Libro 408', 80, 'Standard', '80', 3, 2004),
(100407, 4, 900, 'Libro 409', 125, 'Carta', '90', 1, 2005),
(100408, 4, 1000, 'Libro 410', 300, 'Oficio', '250', 2, 2006),
(100409, 5, 100, 'Libro 411', 455, 'Bolsillo', '300', 3, 2007),
(100410, 25, 200, 'Libro 412', 700, 'Standard', '350', 1, 2008),
(100411, 11, 300, 'Libro 413', 275, 'Carta', '150', 2, 2009),
(100412, 21, 400, 'Libro 414', 150, 'Oficio', '125', 3, 2010),
(100413, 14, 500, 'Libro 415', 75, 'Bolsillo', '150', 1, 2011),
(100414, 16, 600, 'Libro 416', 50, 'Standard', '175', 2, 2012),
(100415, 22, 700, 'Libro 417', 80, 'Carta', '80', 3, 2013),
(100416, 6, 800, 'Libro 418', 125, 'Oficio', '90', 1, 1995),
(100417, 17, 900, 'Libro 419', 300, 'Bolsillo', '250', 2, 1996),
(100418, 7, 1000, 'Libro 420', 455, 'Standard', '300', 3, 1997),
(100419, 16, 100, 'Libro 421', 700, 'Carta', '350', 1, 1998),
(100420, 9, 200, 'Libro 422', 275, 'Oficio', '150', 2, 1999),
(100421, 9, 300, 'Libro 423', 150, 'Bolsillo', '125', 3, 2000),
(100422, 20, 400, 'Libro 424', 75, 'Standard', '150', 1, 2001),
(100423, 23, 500, 'Libro 425', 50, 'Carta', '175', 2, 2002),
(100424, 5, 600, 'Libro 426', 80, 'Oficio', '80', 3, 2003),
(100425, 3, 700, 'Libro 427', 125, 'Bolsillo', '90', 1, 2004),
(100426, 3, 800, 'Libro 428', 300, 'Standard', '250', 2, 2005),
(100427, 3, 900, 'Libro 429', 455, 'Carta', '300', 3, 2006),
(100428, 16, 1000, 'Libro 430', 700, 'Oficio', '350', 1, 2007),
(100429, 10, 100, 'Libro 431', 275, 'Bolsillo', '150', 2, 2008),
(100430, 22, 200, 'Libro 432', 150, 'Standard', '125', 3, 2009),
(100431, 22, 300, 'Libro 433', 75, 'Carta', '150', 1, 2010),
(100432, 26, 400, 'Libro 434', 50, 'Oficio', '175', 2, 2011),
(100433, 17, 500, 'Libro 435', 80, 'Bolsillo', '80', 3, 2012),
(100434, 16, 600, 'Libro 436', 125, 'Standard', '90', 1, 2013),
(100435, 8, 700, 'Libro 437', 300, 'Carta', '250', 2, 1995),
(100436, 3, 800, 'Libro 438', 455, 'Oficio', '300', 3, 1996),
(100437, 7, 900, 'Libro 439', 700, 'Bolsillo', '350', 1, 1997),
(100438, 4, 1000, 'Libro 440', 275, 'Standard', '150', 2, 1998),
(100439, 22, 100, 'Libro 441', 150, 'Carta', '125', 3, 1999),
(100440, 20, 200, 'Libro 442', 75, 'Oficio', '150', 1, 2000),
(100441, 12, 300, 'Libro 443', 50, 'Bolsillo', '175', 2, 2001),
(100442, 20, 400, 'Libro 444', 80, 'Standard', '80', 3, 2002),
(100443, 11, 500, 'Libro 445', 125, 'Carta', '90', 1, 2003),
(100444, 8, 600, 'Libro 446', 300, 'Oficio', '250', 2, 2004),
(100445, 14, 700, 'Libro 447', 455, 'Bolsillo', '300', 3, 2005),
(100446, 12, 800, 'Libro 448', 700, 'Standard', '350', 1, 2006),
(100447, 17, 900, 'Libro 449', 275, 'Carta', '150', 2, 2007),
(100448, 20, 1000, 'Libro 450', 150, 'Oficio', '125', 3, 2008),
(100449, 20, 100, 'Libro 451', 75, 'Bolsillo', '150', 1, 2009),
(100450, 13, 200, 'Libro 452', 50, 'Standard', '175', 2, 2010),
(100451, 4, 300, 'Libro 453', 80, 'Carta', '80', 3, 2011),
(100452, 20, 400, 'Libro 454', 125, 'Oficio', '90', 1, 2012),
(100453, 12, 500, 'Libro 455', 300, 'Bolsillo', '250', 2, 2013),
(100454, 12, 600, 'Libro 456', 455, 'Standard', '300', 3, 1995),
(100455, 13, 700, 'Libro 457', 700, 'Carta', '350', 1, 1996),
(100456, 18, 800, 'Libro 458', 275, 'Oficio', '150', 2, 1997),
(100457, 12, 900, 'Libro 459', 150, 'Bolsillo', '125', 3, 1998),
(100458, 20, 1000, 'Libro 460', 75, 'Standard', '150', 1, 1999),
(100459, 21, 100, 'Libro 461', 50, 'Carta', '175', 2, 2000),
(100460, 21, 200, 'Libro 462', 80, 'Oficio', '80', 3, 2001),
(100461, 16, 300, 'Libro 463', 125, 'Bolsillo', '90', 1, 2002),
(100462, 22, 400, 'Libro 464', 300, 'Standard', '250', 2, 2003),
(100463, 15, 500, 'Libro 465', 455, 'Carta', '300', 3, 2004),
(100464, 14, 600, 'Libro 466', 700, 'Oficio', '350', 1, 2005),
(100465, 4, 700, 'Libro 467', 275, 'Bolsillo', '150', 2, 2006),
(100466, 3, 800, 'Libro 468', 150, 'Standard', '125', 3, 2007),
(100467, 4, 900, 'Libro 469', 75, 'Carta', '150', 1, 2008),
(100468, 6, 1000, 'Libro 470', 50, 'Oficio', '175', 2, 2009),
(100469, 19, 100, 'Libro 471', 80, 'Bolsillo', '80', 3, 2010),
(100470, 4, 200, 'Libro 472', 125, 'Standard', '90', 1, 2011),
(100471, 10, 300, 'Libro 473', 300, 'Carta', '250', 2, 2012),
(100472, 3, 400, 'Libro 474', 455, 'Oficio', '300', 3, 1995),
(100473, 21, 500, 'Libro 475', 700, 'Bolsillo', '350', 1, 1996),
(100474, 23, 600, 'Libro 476', 275, 'Standard', '150', 2, 1997),
(100475, 25, 700, 'Libro 477', 150, 'Carta', '125', 3, 1998),
(100476, 18, 800, 'Libro 478', 75, 'Oficio', '150', 1, 1999),
(100477, 7, 900, 'Libro 479', 50, 'Bolsillo', '175', 2, 2000),
(100478, 8, 1000, 'Libro 480', 80, 'Standard', '80', 3, 2001),
(100479, 9, 100, 'Libro 481', 125, 'Carta', '90', 1, 2002),
(100480, 19, 200, 'Libro 482', 300, 'Oficio', '250', 2, 2003),
(100481, 7, 300, 'Libro 483', 455, 'Bolsillo', '300', 3, 2004),
(100482, 8, 400, 'Libro 484', 700, 'Standard', '350', 1, 2005),
(100483, 19, 500, 'Libro 485', 275, 'Carta', '150', 2, 2006),
(100484, 12, 600, 'Libro 486', 150, 'Oficio', '125', 3, 2007),
(100485, 8, 700, 'Libro 487', 75, 'Bolsillo', '150', 1, 2008),
(100486, 14, 800, 'Libro 488', 50, 'Standard', '175', 2, 2009),
(100487, 10, 200, 'el libro', 100, 'Bolsillo', '100', 2, 2000),
(100488, 24, 1000, 'Libro 490', 125, 'Oficio', '90', 1, 2011),
(100489, 2, 100, 'Libro 491', 300, 'Bolsillo', '250', 2, 2012),
(100490, 2, 200, 'Libro 492', 455, 'Standard', '300', 3, 2013),
(100491, 23, 300, 'Libro 493', 700, 'Carta', '350', 1, 1995),
(100492, 22, 400, 'Libro 494', 275, 'Oficio', '150', 2, 1996),
(100493, 6, 500, 'Libro 495', 150, 'Bolsillo', '125', 3, 1997),
(100494, 9, 600, 'Libro 496', 75, 'Standard', '150', 1, 1998),
(100495, 23, 700, 'Libro 497', 50, 'Carta', '175', 2, 1999),
(100496, 8, 800, 'Libro 498', 80, 'Oficio', '80', 3, 2000),
(100497, 25, 900, 'Libro 499', 125, 'Bolsillo', '90', 1, 2001),
(100498, 12, 1000, 'Libro 500', 300, 'Standard', '250', 2, 2002),
(100499, 16, 100, 'Libro 501', 455, 'Carta', '300', 3, 2003),
(100500, 22, 200, 'Libro 502', 700, 'Oficio', '350', 1, 2004),
(100501, 7, 300, 'Libro 503', 275, 'Bolsillo', '150', 2, 2005),
(100502, 15, 400, 'Libro 504', 150, 'Standard', '125', 3, 2006),
(100503, 15, 500, 'Libro 505', 75, 'Carta', '150', 1, 2007),
(100504, 7, 600, 'Libro 506', 50, 'Oficio', '175', 2, 2008),
(100505, 4, 700, 'Libro 507', 80, 'Bolsillo', '80', 3, 2009),
(100506, 26, 800, 'Libro 508', 125, 'Standard', '90', 1, 2010),
(100507, 18, 900, 'Libro 509', 300, 'Carta', '250', 2, 2011),
(100508, 3, 1000, 'Libro 510', 455, 'Oficio', '300', 3, 2012),
(100509, 23, 100, 'Libro 511', 700, 'Bolsillo', '350', 1, 2013),
(100510, 26, 200, 'Libro 512', 275, 'Standard', '150', 2, 1995),
(100511, 15, 300, 'Libro 513', 150, 'Carta', '125', 3, 1996),
(100512, 12, 400, 'Libro 514', 75, 'Oficio', '150', 1, 1997),
(100513, 6, 500, 'Libro 515', 50, 'Bolsillo', '175', 2, 1998),
(100514, 8, 600, 'Libro 516', 80, 'Standard', '80', 3, 1999),
(100515, 21, 700, 'Libro 517', 125, 'Carta', '90', 1, 2000),
(100516, 15, 800, 'Libro 518', 300, 'Oficio', '250', 2, 2001),
(100517, 8, 900, 'Libro 519', 455, 'Bolsillo', '300', 3, 2002),
(100518, 11, 1000, 'Libro 520', 700, 'Standard', '350', 1, 2003),
(100519, 12, 100, 'Libro 521', 275, 'Carta', '150', 2, 2004),
(100520, 14, 200, 'Libro 522', 150, 'Oficio', '125', 3, 2005),
(100521, 20, 300, 'Libro 523', 75, 'Bolsillo', '150', 1, 2006),
(100522, 9, 400, 'Libro 524', 50, 'Standard', '175', 2, 2007),
(100523, 10, 500, 'Libro 525', 80, 'Carta', '80', 3, 2008),
(100524, 3, 600, 'Libro 526', 125, 'Oficio', '90', 1, 2009),
(100525, 17, 700, 'Libro 527', 300, 'Bolsillo', '250', 2, 2010),
(100526, 25, 800, 'Libro 528', 455, 'Standard', '300', 3, 2011),
(100527, 21, 900, 'Libro 529', 700, 'Carta', '350', 1, 2012),
(100528, 9, 1000, 'Libro 530', 275, 'Oficio', '150', 2, 2013),
(100529, 8, 100, 'Libro 531', 150, 'Bolsillo', '125', 3, 1995),
(100530, 3, 200, 'Libro 532', 75, 'Standard', '150', 1, 1996),
(100531, 3, 300, 'Libro 533', 50, 'Carta', '175', 2, 1997),
(100532, 19, 400, 'Libro 534', 80, 'Oficio', '80', 3, 1998),
(100533, 9, 500, 'Libro 535', 125, 'Bolsillo', '90', 1, 1999),
(100534, 10, 600, 'Libro 536', 300, 'Standard', '250', 2, 2000),
(100535, 16, 700, 'Libro 537', 455, 'Carta', '300', 3, 2001),
(100536, 5, 800, 'Libro 538', 700, 'Oficio', '350', 1, 2002),
(100537, 7, 900, 'Libro 539', 275, 'Bolsillo', '150', 2, 2003),
(100538, 5, 1000, 'Libro 540', 150, 'Standard', '125', 3, 2004),
(100539, 25, 100, 'Libro 541', 75, 'Carta', '150', 1, 2005),
(100540, 26, 200, 'Libro 542', 50, 'Oficio', '175', 2, 2006),
(100541, 14, 300, 'Libro 543', 80, 'Bolsillo', '80', 3, 2007),
(100542, 9, 400, 'Libro 544', 125, 'Standard', '90', 1, 2008),
(100543, 18, 500, 'Libro 545', 300, 'Carta', '250', 2, 2009),
(100544, 11, 600, 'Libro 546', 455, 'Oficio', '300', 3, 2010),
(100545, 25, 700, 'Libro 547', 700, 'Bolsillo', '350', 1, 2011),
(100546, 25, 800, 'Libro 548', 275, 'Standard', '150', 2, 2012),
(100547, 19, 900, 'Libro 549', 150, 'Carta', '125', 3, 2013),
(100548, 16, 1000, 'Libro 550', 75, 'Oficio', '150', 1, 1995),
(100549, 10, 100, 'Libro 551', 50, 'Bolsillo', '175', 2, 1996),
(100550, 26, 200, 'Libro 552', 80, 'Standard', '80', 3, 1997),
(100551, 21, 300, 'Libro 553', 125, 'Carta', '90', 1, 1998),
(100552, 18, 400, 'Libro 554', 300, 'Oficio', '250', 2, 1999),
(100553, 16, 500, 'Libro 555', 455, 'Bolsillo', '300', 3, 2000),
(100554, 26, 600, 'Libro 556', 700, 'Standard', '350', 1, 2001),
(100555, 21, 700, 'Libro 557', 275, 'Carta', '150', 2, 2002),
(100556, 15, 800, 'Libro 558', 150, 'Oficio', '125', 3, 2003),
(100557, 19, 900, 'Libro 559', 75, 'Bolsillo', '150', 1, 2004),
(100558, 4, 1000, 'Libro 560', 50, 'Standard', '175', 2, 2005),
(100559, 14, 100, 'Libro 561', 80, 'Carta', '80', 3, 2006),
(100560, 12, 200, 'Libro 562', 125, 'Oficio', '90', 1, 2007),
(100561, 17, 300, 'Libro 563', 300, 'Bolsillo', '250', 2, 2008),
(100562, 6, 400, 'Libro 564', 455, 'Standard', '300', 3, 2009),
(100563, 3, 500, 'Libro 565', 700, 'Carta', '350', 1, 2010),
(100564, 25, 600, 'Libro 566', 275, 'Oficio', '150', 2, 2011),
(100565, 20, 700, 'Libro 567', 150, 'Bolsillo', '125', 3, 2012),
(100566, 24, 800, 'Libro 568', 75, 'Standard', '150', 1, 2013),
(100567, 20, 900, 'Libro 569', 50, 'Carta', '175', 2, 1995),
(100568, 8, 1000, 'Libro 570', 80, 'Oficio', '80', 3, 1996),
(100569, 17, 100, 'Libro 571', 125, 'Bolsillo', '90', 1, 1997),
(100570, 6, 200, 'Libro 572', 300, 'Standard', '250', 2, 1998),
(100571, 8, 300, 'Libro 573', 455, 'Carta', '300', 3, 1999),
(100572, 22, 400, 'Libro 574', 700, 'Oficio', '350', 1, 2000),
(100573, 8, 500, 'Libro 575', 275, 'Bolsillo', '150', 2, 2001),
(100574, 8, 600, 'Libro 576', 150, 'Standard', '125', 3, 2002),
(100575, 20, 700, 'Libro 577', 75, 'Carta', '150', 1, 2003),
(100576, 14, 800, 'Libro 578', 50, 'Oficio', '175', 2, 2004),
(100577, 12, 900, 'Libro 579', 80, 'Bolsillo', '80', 3, 2005),
(100578, 6, 1000, 'Libro 580', 125, 'Standard', '90', 1, 2006),
(100579, 21, 100, 'Libro 581', 300, 'Carta', '250', 2, 2007),
(100580, 13, 200, 'Libro 582', 455, 'Oficio', '300', 3, 2008),
(100581, 22, 300, 'Libro 583', 700, 'Bolsillo', '350', 1, 2009),
(100582, 5, 400, 'Libro 584', 275, 'Standard', '150', 2, 2010),
(100583, 23, 500, 'Libro 585', 150, 'Carta', '125', 3, 2011),
(100584, 3, 600, 'Libro 586', 75, 'Oficio', '150', 1, 2012),
(100585, 23, 700, 'Libro 587', 50, 'Bolsillo', '175', 2, 2013),
(100586, 17, 800, 'Libro 588', 80, 'Standard', '80', 3, 1995),
(100587, 25, 900, 'Libro 589', 125, 'Carta', '90', 1, 1996),
(100588, 16, 1000, 'Libro 590', 300, 'Oficio', '250', 2, 1997),
(100589, 22, 100, 'Libro 591', 455, 'Bolsillo', '300', 3, 1998),
(100590, 10, 200, 'Libro 592', 700, 'Standard', '350', 1, 1999),
(100591, 4, 300, 'Libro 593', 275, 'Carta', '150', 2, 2000),
(100592, 7, 400, 'Libro 594', 150, 'Oficio', '125', 3, 2001),
(100593, 14, 500, 'Libro 595', 75, 'Bolsillo', '150', 1, 2002),
(100594, 22, 600, 'Libro 596', 50, 'Standard', '175', 2, 2003),
(100595, 10, 700, 'Libro 597', 80, 'Carta', '80', 3, 2004),
(100596, 13, 800, 'Libro 598', 125, 'Oficio', '90', 1, 2005),
(100597, 16, 900, 'Libro 599', 300, 'Bolsillo', '250', 2, 2006),
(100598, 2, 1000, 'Libro 600', 455, 'Standard', '300', 3, 2007),
(100599, 18, 100, 'Libro 601', 700, 'Carta', '350', 1, 2008),
(100600, 7, 200, 'Libro 602', 275, 'Oficio', '150', 2, 2009),
(100601, 4, 300, 'Libro 603', 150, 'Bolsillo', '125', 3, 2010),
(100602, 5, 400, 'Libro 604', 75, 'Standard', '150', 1, 2011),
(100603, 3, 500, 'Libro 605', 50, 'Carta', '175', 2, 2012),
(100604, 5, 600, 'Libro 606', 80, 'Oficio', '80', 3, 2013),
(100605, 10, 700, 'Libro 607', 125, 'Bolsillo', '90', 1, 1995),
(100606, 21, 800, 'Libro 608', 300, 'Standard', '250', 2, 1996),
(100607, 5, 900, 'Libro 609', 455, 'Carta', '300', 3, 1997),
(100608, 15, 1000, 'Libro 610', 700, 'Oficio', '350', 1, 1998),
(100609, 10, 200, 'Libro 612', 150, 'Standard', '125', 3, 2000),
(100610, 23, 300, 'Libro 613', 75, 'Carta', '150', 1, 2001),
(100611, 15, 400, 'Libro 614', 50, 'Oficio', '175', 2, 2002),
(100612, 16, 500, 'Libro 615', 80, 'Bolsillo', '80', 3, 2003),
(100613, 25, 600, 'Libro 616', 125, 'Standard', '90', 1, 2004),
(100614, 7, 700, 'Libro 617', 300, 'Carta', '250', 2, 2005),
(100615, 13, 800, 'Libro 618', 455, 'Oficio', '300', 3, 2006),
(100616, 16, 900, 'Libro 619', 700, 'Bolsillo', '350', 1, 2007),
(100617, 11, 1000, 'Libro 620', 275, 'Standard', '150', 2, 2008),
(100618, 11, 100, 'Libro 621', 150, 'Carta', '125', 3, 2009),
(100619, 23, 200, 'Libro 622', 75, 'Oficio', '150', 1, 2010),
(100620, 11, 300, 'Libro 623', 50, 'Bolsillo', '175', 2, 2011),
(100621, 4, 400, 'Libro 624', 80, 'Standard', '80', 3, 2012),
(100622, 17, 500, 'Libro 625', 125, 'Carta', '90', 1, 2013),
(100623, 4, 600, 'Libro 626', 300, 'Oficio', '250', 2, 1995),
(100624, 10, 700, 'Libro 627', 455, 'Bolsillo', '300', 3, 1996),
(100625, 22, 800, 'Libro 628', 700, 'Standard', '350', 1, 1997),
(100626, 4, 900, 'Libro 629', 275, 'Carta', '150', 2, 1998),
(100627, 18, 1000, 'Libro 630', 150, 'Oficio', '125', 3, 1999),
(100628, 19, 100, 'Libro 631', 75, 'Bolsillo', '150', 1, 2000),
(100629, 21, 200, 'Libro 632', 50, 'Standard', '175', 2, 2001),
(100630, 4, 300, 'Libro 633', 80, 'Carta', '80', 3, 2002),
(100631, 5, 400, 'Libro 634', 125, 'Oficio', '90', 1, 2003),
(100632, 9, 500, 'Libro 635', 300, 'Bolsillo', '250', 2, 2004),
(100633, 17, 600, 'Libro 636', 455, 'Standard', '300', 3, 2005),
(100634, 8, 700, 'Libro 637', 700, 'Carta', '350', 1, 2006),
(100635, 14, 800, 'Libro 638', 275, 'Oficio', '150', 2, 2007),
(100636, 17, 900, 'Libro 639', 150, 'Bolsillo', '125', 3, 2008),
(100637, 13, 1000, 'Libro 640', 75, 'Standard', '150', 1, 2009),
(100638, 26, 100, 'Libro 641', 50, 'Carta', '175', 2, 2010),
(100639, 8, 200, 'Libro 642', 80, 'Oficio', '80', 3, 2011),
(100640, 13, 300, 'Libro 643', 125, 'Bolsillo', '90', 1, 2012),
(100641, 8, 400, 'Libro 644', 300, 'Standard', '250', 2, 2013),
(100642, 22, 500, 'Libro 645', 455, 'Carta', '300', 3, 1995),
(100643, 19, 600, 'Libro 646', 700, 'Oficio', '350', 1, 1996),
(100644, 24, 700, 'Libro 647', 275, 'Bolsillo', '150', 2, 1997),
(100645, 23, 800, 'Libro 648', 150, 'Standard', '125', 3, 1998),
(100646, 17, 900, 'Libro 649', 75, 'Carta', '150', 1, 1999),
(100647, 19, 1000, 'Libro 650', 50, 'Oficio', '175', 2, 2000),
(100648, 24, 100, 'Libro 651', 80, 'Bolsillo', '80', 3, 2001),
(100649, 15, 200, 'Libro 652', 125, 'Standard', '90', 1, 2002),
(100650, 15, 300, 'Libro 653', 300, 'Carta', '250', 2, 2003),
(100651, 20, 400, 'Libro 654', 455, 'Oficio', '300', 3, 2004),
(100652, 13, 500, 'Libro 655', 700, 'Bolsillo', '350', 1, 2005),
(100653, 25, 600, 'Libro 656', 275, 'Standard', '150', 2, 2006),
(100654, 15, 700, 'Libro 657', 150, 'Carta', '125', 3, 2007),
(100655, 9, 800, 'Libro 658', 75, 'Oficio', '150', 1, 2008),
(100656, 7, 900, 'Libro 659', 50, 'Bolsillo', '175', 2, 2009),
(100657, 25, 1000, 'Libro 660', 80, 'Standard', '80', 3, 2010),
(100658, 25, 100, 'Libro 661', 125, 'Carta', '90', 1, 2011),
(100659, 21, 200, 'Libro 662', 300, 'Oficio', '250', 2, 2012),
(100660, 6, 300, 'Libro 663', 455, 'Bolsillo', '300', 3, 2013),
(100661, 3, 400, 'Libro 664', 700, 'Standard', '350', 1, 1995),
(100662, 10, 500, 'Libro 665', 275, 'Carta', '150', 2, 1996),
(100663, 26, 600, 'Libro 666', 150, 'Oficio', '125', 3, 1997),
(100664, 5, 700, 'Libro 667', 75, 'Bolsillo', '150', 1, 1998),
(100665, 9, 800, 'Libro 668', 50, 'Standard', '175', 2, 1999),
(100666, 20, 900, 'Libro 669', 80, 'Carta', '80', 3, 2000),
(100667, 6, 1000, 'Libro 670', 125, 'Oficio', '90', 1, 2001),
(100668, 5, 100, 'Libro 671', 300, 'Bolsillo', '250', 2, 2002),
(100669, 25, 200, 'Libro 672', 455, 'Standard', '300', 3, 2003),
(100670, 20, 300, 'Libro 673', 700, 'Carta', '350', 1, 2004),
(100671, 10, 400, 'Libro 674', 275, 'Oficio', '150', 2, 2005),
(100672, 6, 500, 'Libro 675', 150, 'Bolsillo', '125', 3, 2006),
(100673, 8, 600, 'Libro 676', 75, 'Standard', '150', 1, 2007),
(100674, 6, 700, 'Libro 677', 50, 'Carta', '175', 2, 2008),
(100675, 18, 800, 'Libro 678', 80, 'Oficio', '80', 3, 2009),
(100676, 18, 900, 'Libro 679', 125, 'Bolsillo', '90', 1, 2010),
(100677, 8, 1000, 'Libro 680', 300, 'Standard', '250', 2, 2011),
(100678, 5, 100, 'Libro 681', 455, 'Carta', '300', 3, 2012),
(100679, 9, 200, 'Libro 682', 700, 'Oficio', '350', 1, 2013),
(100680, 9, 300, 'Libro 683', 275, 'Bolsillo', '150', 2, 1995),
(100681, 22, 400, 'Libro 684', 150, 'Standard', '125', 3, 1996),
(100682, 16, 500, 'Libro 685', 75, 'Carta', '150', 1, 1997),
(100683, 26, 600, 'Libro 686', 50, 'Oficio', '175', 2, 1998),
(100684, 16, 700, 'Libro 687', 80, 'Bolsillo', '80', 3, 1999),
(100685, 5, 800, 'Libro 688', 125, 'Standard', '90', 1, 2000),
(100686, 20, 900, 'Libro 689', 300, 'Carta', '250', 2, 2001),
(100687, 16, 1000, 'Libro 690', 455, 'Oficio', '300', 3, 2002),
(100688, 26, 100, 'Libro 691', 700, 'Bolsillo', '350', 1, 2003),
(100689, 22, 200, 'Libro 692', 275, 'Standard', '150', 2, 2004),
(100690, 16, 300, 'Libro 693', 150, 'Carta', '125', 3, 2005),
(100691, 9, 400, 'Libro 694', 75, 'Oficio', '150', 1, 2006),
(100692, 25, 500, 'Libro 695', 50, 'Bolsillo', '175', 2, 2007),
(100693, 23, 600, 'Libro 696', 80, 'Standard', '80', 3, 2008),
(100694, 12, 700, 'Libro 697', 125, 'Carta', '90', 1, 2009),
(100695, 7, 800, 'Libro 698', 300, 'Oficio', '250', 2, 2010),
(100696, 25, 900, 'Libro 699', 455, 'Bolsillo', '300', 3, 2011),
(100697, 4, 1000, 'Libro 700', 700, 'Standard', '350', 1, 2012),
(100698, 23, 200, 'Libro 702', 150, 'Oficio', '125', 3, 1995),
(100699, 25, 300, 'Libro 703', 300, 'Bolsillo', '150', 1, 1996),
(100700, 14, 400, 'Libro 704', 455, 'Standard', '175', 2, 1997),
(100701, 18, 500, 'Libro 705', 700, 'Carta', '80', 3, 1998),
(100702, 24, 600, 'Libro 706', 275, 'Oficio', '90', 1, 1999),
(100703, 21, 700, 'Libro 707', 300, 'Bolsillo', '250', 2, 2000),
(100704, 14, 800, 'Libro 708', 455, 'Standard', '300', 3, 2001),
(100705, 8, 900, 'Libro 709', 700, 'Carta', '350', 2, 2002),
(100706, 10, 1000, 'Libro 710', 275, 'Oficio', '150', 2, 2003);

-- --------------------------------------------------------

--
-- Estructura de tabla para la tabla `prestamos`
--

CREATE TABLE `prestamos` (
  `numero_prestamo` int(3) NOT NULL,
  `codigo_libro` int(6) DEFAULT NULL,
  `carne_alumno` int(7) DEFAULT NULL,
  `fecha_prestamo` date DEFAULT NULL,
  `fecha_devolucion` date DEFAULT NULL,
  `codigo_empleado` int(4) DEFAULT NULL
) ENGINE=InnoDB DEFAULT CHARSET=utf8;

--
-- Volcado de datos para la tabla `prestamos`
--

INSERT INTO `prestamos` (`numero_prestamo`, `codigo_libro`, `carne_alumno`, `fecha_prestamo`, `fecha_devolucion`, `codigo_empleado`) VALUES
(1, 100700, 2013034, '2019-11-13', '2019-11-16', 1010),
(2, 100422, 2013101, '2019-03-16', '2019-03-19', 1001),
(4, 100563, 2013070, '2018-01-06', '2018-01-09', 1002),
(5, 100613, 2013167, '2019-01-26', '2019-01-29', 1006),
(6, 100634, 2013169, '2018-03-24', '2018-03-27', 1007),
(7, 100432, 2013147, '2019-01-10', '2019-01-13', 1007),
(9, 100071, 2013133, '2020-01-16', '2020-01-19', 1006),
(10, 100596, 2013013, '2019-06-15', '2019-06-18', 1003),
(11, 100325, 2013054, '2018-11-06', '2018-11-09', 1005),
(12, 100347, 2013188, '2019-07-09', '2019-07-12', 1006),
(13, 100166, 2013138, '2018-08-18', '2018-08-21', 1004),
(14, 100366, 2013062, '2020-01-04', '2020-01-07', 1006),
(15, 100569, 2013157, '2019-10-31', '2019-11-03', 1002),
(16, 100471, 2013140, '2019-11-23', '2019-11-26', 1003),
(17, 100497, 2013163, '2019-07-04', '2019-07-07', 1002),
(18, 100003, 2013111, '2020-02-09', '2020-02-12', 1002),
(19, 100253, 2013144, '2020-01-24', '2020-01-27', 1003),
(20, 100697, 2013131, '2018-12-20', '2018-12-23', 1002),
(21, 100137, 2013168, '2018-03-10', '2018-03-13', 1008),
(22, 100702, 2013025, '2018-03-29', '2018-04-01', 1007),
(23, 100327, 2013070, '2019-11-13', '2019-11-16', 1008),
(24, 100567, 2013186, '2018-06-27', '2018-06-30', 1004),
(25, 100082, 2013010, '2018-04-10', '2018-04-13', 1005),
(26, 100021, 2013037, '2019-01-04', '2019-01-07', 1008),
(27, 100399, 2013043, '2019-04-24', '2019-04-27', 1006),
(28, 100197, 2013063, '2018-03-26', '2018-03-29', 1005),
(29, 100215, 2013057, '2019-10-08', '2019-10-11', 1008),
(30, 100322, 2013005, '2018-08-25', '2018-08-28', 1006),
(31, 100305, 2013086, '2018-12-19', '2018-12-22', 1002),
(32, 100697, 2013140, '2020-02-24', '2020-02-27', 1009),
(33, 100032, 2013190, '2018-04-20', '2018-04-23', 1008),
(34, 100118, 2013194, '2018-08-06', '2018-08-09', 1006),
(35, 100102, 2013010, '2019-04-13', '2019-04-16', 1006),
(36, 100147, 2013153, '2019-02-05', '2019-02-08', 1008),
(37, 100239, 2013086, '2018-09-06', '2018-09-09', 1002),
(38, 100515, 2013176, '2018-08-22', '2018-08-25', 1005),
(39, 100217, 2013174, '2018-01-27', '2018-01-30', 1006),
(40, 100158, 2013152, '2019-04-09', '2019-04-12', 1003),
(41, 100166, 2013063, '2018-07-08', '2018-07-11', 1004),
(42, 100228, 2013062, '2018-01-08', '2018-01-11', 1007),
(43, 100235, 2013052, '2019-08-08', '2019-08-11', 1003),
(44, 100280, 2013173, '2018-04-29', '2018-05-02', 1009),
(45, 100321, 2013141, '2018-04-08', '2018-04-11', 1003),
(46, 100131, 2013199, '2019-12-04', '2019-12-07', 1007),
(47, 100024, 2013012, '2019-09-02', '2019-09-05', 1005),
(48, 100154, 2013126, '2018-11-30', '2018-12-03', 1001),
(49, 100147, 2013041, '2018-09-13', '2018-09-16', 1008),
(50, 100094, 2013199, '2018-01-15', '2018-01-18', 1003),
(51, 100173, 2013173, '2019-09-05', '2019-09-08', 1009),
(52, 100574, 2013199, '2019-04-19', '2019-04-22', 1007),
(53, 100171, 2013075, '2018-10-08', '2018-10-11', 1006),
(54, 100069, 2013109, '2019-11-11', '2019-11-14', 1006),
(55, 100480, 2013046, '2018-02-23', '2018-02-26', 1004),
(56, 100342, 2013126, '2020-01-18', '2020-01-21', 1002),
(57, 100314, 2013043, '2018-10-12', '2018-10-15', 1010),
(58, 100289, 2013178, '2018-05-29', '2018-06-01', 1005),
(59, 100391, 2013060, '2018-04-02', '2018-04-05', 1009),
(60, 100687, 2013174, '2018-11-20', '2018-11-23', 1010),
(61, 100521, 2013091, '2019-07-31', '2019-08-03', 1004),
(62, 100024, 2013195, '2019-03-04', '2019-03-07', 1003),
(63, 100477, 2013141, '2018-05-23', '2018-05-26', 1003),
(64, 100496, 2013121, '2019-03-14', '2019-03-17', 1010),
(65, 100244, 2013141, '2018-03-20', '2018-03-23', 1004),
(66, 100350, 2013174, '2018-04-25', '2018-04-28', 1002),
(67, 100219, 2013124, '2018-08-20', '2018-08-23', 1006),
(68, 100306, 2013020, '2018-01-19', '2018-01-22', 1009),
(69, 100066, 2013070, '2020-01-20', '2020-01-23', 1008),
(70, 100539, 2013047, '2019-12-05', '2019-12-08', 1002),
(71, 100668, 2013048, '2019-12-29', '2020-01-01', 1008),
(72, 100142, 2013149, '2018-08-26', '2018-08-29', 1009),
(73, 100574, 2013016, '2020-02-10', '2020-02-13', 1006),
(74, 100631, 2013019, '2018-11-15', '2018-11-18', 1002),
(75, 100636, 2013106, '2019-08-19', '2019-08-22', 1006),
(76, 100499, 2013132, '2020-01-04', '2020-01-07', 1007),
(77, 100409, 2013096, '2018-02-02', '2018-02-05', 1008),
(78, 100132, 2013192, '2019-03-02', '2019-03-05', 1003),
(79, 100531, 2013126, '2019-09-02', '2019-09-05', 1006),
(80, 100040, 2013073, '2019-08-07', '2019-08-10', 1008),
(81, 100012, 2013040, '2018-07-27', '2018-07-30', 1001),
(82, 100289, 2013022, '2020-01-22', '2020-01-25', 1002),
(83, 100498, 2013045, '2019-11-26', '2019-11-29', 1001),
(84, 100627, 2013092, '2018-01-03', '2018-01-06', 1005),
(85, 100685, 2013098, '2019-04-19', '2019-04-22', 1005),
(86, 100091, 2013059, '2018-01-10', '2018-01-13', 1008),
(87, 100304, 2013131, '2018-12-22', '2018-12-25', 1009),
(88, 100206, 2013024, '2018-12-28', '2018-12-31', 1001),
(89, 100286, 2013171, '2019-09-06', '2019-09-09', 1007),
(90, 100534, 2013163, '2018-05-21', '2018-05-24', 1005),
(91, 100339, 2013186, '2019-04-28', '2019-05-01', 1005),
(92, 100540, 2013152, '2018-07-18', '2018-07-21', 1005),
(93, 100682, 2013156, '2019-08-28', '2019-08-31', 1008),
(94, 100484, 2013171, '2018-09-13', '2018-09-16', 1003),
(95, 100418, 2013127, '2019-10-18', '2019-10-21', 1001),
(96, 100064, 2013106, '2019-03-14', '2019-03-17', 1002),
(97, 100550, 2013171, '2019-01-31', '2019-02-03', 1004),
(98, 100451, 2013029, '2018-03-17', '2018-03-20', 1009),
(99, 100434, 2013154, '2018-01-24', '2018-01-27', 1008),
(100, 100270, 2013057, '2019-08-28', '2019-08-31', 1009),
(101, 100446, 2013025, '2018-09-09', '2018-09-12', 1004),
(102, 100165, 2013123, '2018-09-18', '2018-09-21', 1001),
(103, 100462, 2013160, '2019-05-14', '2019-05-17', 1010),
(104, 100276, 2013113, '2018-05-26', '2018-05-29', 1008),
(105, 100389, 2013083, '2018-10-04', '2018-10-07', 1004),
(106, 100298, 2013143, '2018-01-13', '2018-01-16', 1003),
(107, 100172, 2013111, '2019-12-04', '2019-12-07', 1009),
(108, 100054, 2013046, '2019-02-09', '2019-02-12', 1003),
(109, 100342, 2013055, '2019-09-24', '2019-09-27', 1007),
(110, 100083, 2013122, '2019-06-16', '2019-06-19', 1007),
(111, 100426, 2013195, '2020-02-16', '2020-02-19', 1004),
(112, 100507, 2013049, '2019-07-12', '2019-07-15', 1002),
(113, 100037, 2013061, '2019-08-30', '2019-09-02', 1003),
(114, 100140, 2013160, '2019-12-29', '2020-01-01', 1008),
(115, 100309, 2013053, '2019-10-01', '2019-10-04', 1001),
(116, 100578, 2013078, '2019-10-04', '2019-10-07', 1008),
(117, 100638, 2013078, '2018-12-17', '2018-12-20', 1009),
(118, 100576, 2013074, '2018-02-06', '2018-02-09', 1004),
(119, 100532, 2013196, '2018-06-02', '2018-06-05', 1008),
(120, 100071, 2013146, '2019-09-08', '2019-09-11', 1007),
(121, 100286, 2013086, '2019-10-02', '2019-10-05', 1009),
(122, 100279, 2013100, '2019-07-25', '2019-07-28', 1006),
(123, 100251, 2013040, '2019-07-15', '2019-07-18', 1008),
(124, 100502, 2013040, '2019-12-21', '2019-12-24', 1004),
(125, 100154, 2013132, '2019-10-28', '2019-10-31', 1002),
(126, 100506, 2013150, '2018-01-26', '2018-01-29', 1006),
(127, 100060, 2013145, '2018-09-08', '2018-09-11', 1008),
(128, 100074, 2013120, '2018-04-20', '2018-04-23', 1009),
(129, 100301, 2013190, '2018-10-26', '2018-10-29', 1003),
(130, 100432, 2013089, '2019-09-15', '2019-09-18', 1008),
(131, 100158, 2013032, '2018-06-23', '2018-06-26', 1001),
(132, 100575, 2013174, '2018-06-20', '2018-06-23', 1009),
(133, 100539, 2013181, '2018-12-20', '2018-12-23', 1001),
(134, 100554, 2013026, '2018-10-16', '2018-10-19', 1005),
(135, 100058, 2013068, '2018-04-08', '2018-04-11', 1005),
(136, 100244, 2013077, '2019-05-05', '2019-05-08', 1003),
(137, 100564, 2013037, '2019-11-24', '2019-11-27', 1003),
(138, 100243, 2013180, '2018-03-04', '2018-03-07', 1006),
(139, 100678, 2013163, '2019-03-28', '2019-03-31', 1003),
(140, 100283, 2013038, '2019-05-23', '2019-05-26', 1007),
(141, 100088, 2013082, '2019-12-28', '2019-12-31', 1004),
(142, 100341, 2013086, '2018-08-03', '2018-08-06', 1006),
(143, 100422, 2013146, '2018-06-20', '2018-06-23', 1002),
(144, 100298, 2013039, '2018-07-22', '2018-07-25', 1002),
(145, 100016, 2013157, '2018-08-10', '2018-08-13', 1007),
(146, 100544, 2013139, '2018-08-11', '2018-08-14', 1002),
(147, 100330, 2013123, '2019-11-30', '2019-12-03', 1004),
(148, 100389, 2013199, '2019-02-01', '2019-02-04', 1005),
(149, 100237, 2013102, '2019-02-13', '2019-02-16', 1003),
(150, 100395, 2013158, '2018-06-10', '2018-06-13', 1004),
(151, 100284, 2013173, '2019-11-29', '2019-12-02', 1001),
(152, 100558, 2013132, '2019-05-26', '2019-05-29', 1004),
(153, 100176, 2013152, '2019-12-19', '2019-12-22', 1002),
(154, 100484, 2013163, '2018-05-11', '2018-05-14', 1002),
(155, 100394, 2013196, '2019-04-22', '2019-04-25', 1008),
(156, 100668, 2013040, '2019-06-09', '2019-06-12', 1010),
(157, 100522, 2013141, '2019-06-19', '2019-06-22', 1001),
(158, 100678, 2013076, '2019-03-30', '2019-04-02', 1001),
(159, 100604, 2013037, '2018-05-07', '2018-05-10', 1008),
(160, 100028, 2013072, '2020-01-18', '2020-01-21', 1005),
(161, 100040, 2013148, '2019-05-19', '2019-05-22', 1005),
(162, 100250, 2013017, '2020-01-19', '2020-01-22', 1004),
(163, 100542, 2013089, '2020-02-08', '2020-02-11', 1002),
(164, 100379, 2013197, '2018-01-26', '2018-01-29', 1005),
(165, 100482, 2013012, '2018-06-06', '2018-06-09', 1008),
(166, 100434, 2013010, '2019-04-04', '2019-04-07', 1002),
(167, 100144, 2013057, '2018-02-11', '2018-02-14', 1001),
(168, 100154, 2013008, '2019-04-13', '2019-04-16', 1003),
(169, 100516, 2013197, '2019-10-27', '2019-10-30', 1008),
(170, 100032, 2013037, '2018-02-17', '2018-02-20', 1001),
(171, 100353, 2013100, '2018-03-16', '2018-03-19', 1005),
(172, 100417, 2013028, '2018-08-28', '2018-08-31', 1007),
(173, 100295, 2013008, '2019-08-28', '2019-08-31', 1009),
(174, 100366, 2013025, '2019-07-26', '2019-07-29', 1004),
(175, 100430, 2013041, '2018-08-15', '2018-08-18', 1008),
(176, 100276, 2013048, '2018-04-09', '2018-04-12', 1007),
(177, 100559, 2013055, '2018-08-10', '2018-08-13', 1007),
(178, 100141, 2013192, '2019-03-10', '2019-03-13', 1007),
(179, 100409, 2013127, '2019-03-27', '2019-03-30', 1008),
(180, 100588, 2013158, '2019-12-23', '2019-12-26', 1006),
(181, 100111, 2013152, '2018-10-14', '2018-10-17', 1006),
(182, 100272, 2013077, '2018-04-23', '2018-04-26', 1010),
(183, 100676, 2013143, '2019-03-09', '2019-03-12', 1008),
(184, 100227, 2013197, '2019-11-02', '2019-11-05', 1003),
(185, 100032, 2013005, '2019-06-27', '2019-06-30', 1002),
(186, 100511, 2013148, '2020-01-05', '2020-01-08', 1004),
(187, 100441, 2013129, '2018-11-14', '2018-11-17', 1007),
(188, 100088, 2013120, '2020-02-03', '2020-02-06', 1006),
(189, 100556, 2013178, '2020-02-05', '2020-02-08', 1002),
(190, 100534, 2013056, '2018-07-23', '2018-07-26', 1009),
(191, 100137, 2013073, '2019-08-10', '2019-08-13', 1010),
(192, 100116, 2013118, '2019-09-25', '2019-09-28', 1003),
(193, 100371, 2013186, '2018-11-13', '2018-11-16', 1006),
(194, 100025, 2013075, '2018-06-30', '2018-07-03', 1004),
(195, 100341, 2013089, '2018-04-25', '2018-04-28', 1008),
(196, 100243, 2013061, '2018-05-04', '2018-05-07', 1007),
(197, 100203, 2013027, '2018-02-20', '2018-02-23', 1008),
(198, 100298, 2013176, '2019-06-23', '2019-06-26', 1008),
(199, 100317, 2013170, '2019-02-20', '2019-02-23', 1004),
(200, 100557, 2013118, '2019-02-24', '2019-02-27', 1008),
(201, 100035, 2013197, '2019-06-11', '2019-06-14', 1002),
(202, 100253, 2013161, '2019-08-25', '2019-08-28', 1009),
(203, 100597, 2013007, '2019-09-05', '2019-09-08', 1002),
(204, 100565, 2013007, '2019-08-12', '2019-08-15', 1005),
(205, 100191, 2013186, '2019-12-29', '2020-01-01', 1004),
(206, 100431, 2013011, '2018-05-06', '2018-05-09', 1004),
(207, 100608, 2013049, '2018-10-20', '2018-10-23', 1009),
(208, 100234, 2013041, '2019-09-07', '2019-09-10', 1008),
(209, 100023, 2013124, '2018-02-20', '2018-02-23', 1006),
(210, 100073, 2013166, '2019-03-04', '2019-03-07', 1008),
(211, 100516, 2013180, '2019-07-26', '2019-07-29', 1004),
(212, 100704, 2013162, '2018-12-27', '2018-12-30', 1005),
(213, 100034, 2013196, '2018-09-07', '2018-09-10', 1009),
(214, 100560, 2013068, '2018-12-11', '2018-12-14', 1009),
(215, 100573, 2013028, '2018-04-16', '2018-04-19', 1004),
(216, 100517, 2013033, '2019-04-13', '2019-04-16', 1007),
(217, 100185, 2013159, '2019-08-01', '2019-08-04', 1006),
(218, 100420, 2013138, '2019-09-05', '2019-09-08', 1009),
(219, 100184, 2013046, '2018-03-22', '2018-03-25', 1008),
(220, 100678, 2013137, '2020-01-21', '2020-01-24', 1003),
(221, 100421, 2013005, '2019-12-23', '2019-12-26', 1005),
(222, 100082, 2013149, '2020-01-15', '2020-01-18', 1002),
(223, 100270, 2013152, '2019-10-22', '2019-10-25', 1009),
(224, 100441, 2013180, '2018-08-14', '2018-08-17', 1002),
(225, 100171, 2013106, '2018-06-15', '2018-06-18', 1006),
(226, 100680, 2013165, '2018-12-02', '2018-12-05', 1007),
(227, 100252, 2013091, '2019-06-04', '2019-06-07', 1007),
(228, 100228, 2013113, '2019-06-10', '2019-06-13', 1003),
(229, 100308, 2013072, '2019-10-30', '2019-11-02', 1004),
(230, 100498, 2013108, '2018-11-30', '2018-12-03', 1009),
(231, 100459, 2013128, '2019-08-02', '2019-08-05', 1004),
(232, 100290, 2013159, '2019-08-13', '2019-08-16', 1003),
(233, 100572, 2013072, '2018-11-22', '2018-11-25', 1006),
(234, 100491, 2013095, '2018-05-10', '2018-05-13', 1006),
(235, 100669, 2013117, '2018-05-07', '2018-05-10', 1006),
(236, 100330, 2013143, '2018-06-22', '2018-06-25', 1003),
(237, 100452, 2013199, '2019-04-28', '2019-05-01', 1005),
(238, 100596, 2013164, '2019-07-16', '2019-07-19', 1006),
(239, 100543, 2013019, '2018-05-29', '2018-06-01', 1002),
(240, 100027, 2013130, '2019-01-11', '2019-01-14', 1003),
(241, 100079, 2013097, '2018-10-15', '2018-10-18', 1006),
(242, 100004, 2013008, '2019-03-03', '2019-03-06', 1005),
(243, 100054, 2013052, '2019-09-27', '2019-09-30', 1005),
(244, 100066, 2013111, '2018-02-15', '2018-02-18', 1005),
(245, 100557, 2013105, '2019-07-24', '2019-07-27', 1005),
(246, 100178, 2013166, '2018-03-02', '2018-03-05', 1009),
(247, 100203, 2013053, '2018-07-26', '2018-07-29', 1005),
(248, 100252, 2013037, '2019-12-15', '2019-12-18', 1010),
(249, 100041, 2013035, '2019-07-20', '2019-07-23', 1005),
(250, 100539, 2013092, '2018-02-05', '2018-02-08', 1002),
(251, 100369, 2013051, '2019-02-09', '2019-02-12', 1003),
(252, 100022, 2013181, '2020-02-07', '2020-02-10', 1005),
(253, 100544, 2013176, '2019-04-08', '2019-04-11', 1005),
(254, 100651, 2013042, '2019-02-11', '2019-02-14', 1007),
(255, 100290, 2013010, '2018-11-22', '2018-11-25', 1009),
(256, 100360, 2013111, '2018-03-20', '2018-03-23', 1003),
(257, 100122, 2013189, '2019-04-13', '2019-04-16', 1003),
(258, 100693, 2013117, '2019-01-07', '2019-01-10', 1005),
(259, 100485, 2013094, '2018-08-01', '2018-08-04', 1002),
(260, 100606, 2013058, '2018-05-26', '2018-05-29', 1001),
(261, 100558, 2013169, '2019-11-03', '2019-11-06', 1002),
(262, 100253, 2013045, '2019-04-27', '2019-04-30', 1004),
(263, 100099, 2013080, '2018-04-10', '2018-04-13', 1006),
(264, 100623, 2013186, '2018-02-15', '2018-02-18', 1001),
(265, 100003, 2013028, '2019-09-11', '2019-09-14', 1004),
(266, 100386, 2013064, '2018-05-22', '2018-05-25', 1004),
(267, 100138, 2013088, '2019-05-10', '2019-05-13', 1008),
(268, 100616, 2013017, '2019-11-01', '2019-11-04', 1006),
(269, 100196, 2013157, '2019-03-14', '2019-03-17', 1002),
(270, 100574, 2013015, '2019-11-19', '2019-11-22', 1006),
(271, 100564, 2013026, '2019-11-25', '2019-11-28', 1001),
(272, 100066, 2013006, '2018-02-11', '2018-02-14', 1007),
(273, 100119, 2013181, '2019-06-14', '2019-06-17', 1002),
(274, 100625, 2013177, '2018-02-05', '2018-02-08', 1007),
(275, 100368, 2013023, '2018-05-04', '2018-05-07', 1006),
(276, 100110, 2013181, '2018-05-24', '2018-05-27', 1005),
(277, 100256, 2013079, '2019-12-11', '2019-12-14', 1004),
(278, 100168, 2013060, '2019-12-29', '2020-01-01', 1008),
(279, 100598, 2013040, '2020-02-27', '2020-03-01', 1002),
(280, 100474, 2013084, '2019-03-27', '2019-03-30', 1003),
(281, 100515, 2013095, '2019-07-05', '2019-07-08', 1008),
(282, 100046, 2013082, '2018-03-26', '2018-03-29', 1007),
(283, 100414, 2013048, '2018-04-01', '2018-04-04', 1008),
(284, 100317, 2013161, '2020-01-01', '2020-01-04', 1003),
(285, 100499, 2013146, '2020-01-02', '2020-01-05', 1004),
(286, 100077, 2013015, '2019-06-19', '2019-06-22', 1001),
(287, 100385, 2013168, '2018-05-26', '2018-05-29', 1001),
(288, 100107, 2013149, '2018-11-24', '2018-11-27', 1005),
(289, 100462, 2013075, '2019-05-01', '2019-05-04', 1009),
(290, 100684, 2013138, '2019-05-02', '2019-05-05', 1004),
(291, 100292, 2013005, '2019-01-05', '2019-01-08', 1005),
(292, 100663, 2013188, '2020-01-28', '2020-01-31', 1007),
(293, 100231, 2013137, '2018-12-23', '2018-12-26', 1004),
(294, 100674, 2013135, '2019-03-09', '2019-03-12', 1001),
(295, 100304, 2013027, '2019-10-25', '2019-10-28', 1005),
(296, 100112, 2013066, '2018-04-11', '2018-04-14', 1005),
(297, 100638, 2013107, '2019-11-30', '2019-12-03', 1006),
(298, 100400, 2013093, '2019-10-08', '2019-10-11', 1007),
(299, 100694, 2013058, '2018-02-06', '2018-02-09', 1005),
(300, 100338, 2013119, '2019-06-03', '2019-06-06', 1010),
(301, 100549, 2013165, '2019-02-16', '2019-02-19', 1008),
(302, 100266, 2013072, '2018-10-21', '2018-10-24', 1005),
(303, 100395, 2013146, '2019-03-10', '2019-03-13', 1009),
(304, 100654, 2013172, '2018-10-19', '2018-10-22', 1007),
(305, 100651, 2013115, '2018-09-07', '2018-09-10', 1009),
(306, 100100, 2013090, '2018-03-26', '2018-03-29', 1004),
(307, 100516, 2013190, '2018-06-28', '2018-07-01', 1001),
(308, 100292, 2013177, '2018-05-20', '2018-05-23', 1009),
(309, 100704, 2013048, '2018-05-11', '2018-05-14', 1004),
(310, 100569, 2013169, '2019-09-07', '2019-09-10', 1004),
(311, 100246, 2013071, '2019-10-04', '2019-10-07', 1010),
(312, 100095, 2013030, '2018-12-16', '2018-12-19', 1009),
(313, 100446, 2013164, '2018-10-29', '2018-11-01', 1003),
(314, 100124, 2013055, '2018-05-26', '2018-05-29', 1001),
(315, 100548, 2013062, '2018-08-04', '2018-08-07', 1008),
(316, 100681, 2013004, '2019-09-23', '2019-09-26', 1008),
(317, 100051, 2013056, '2018-08-19', '2018-08-22', 1006),
(318, 100619, 2013035, '2020-01-09', '2020-01-12', 1004),
(319, 100626, 2013104, '2020-01-13', '2020-01-16', 1010),
(320, 100664, 2013172, '2019-01-07', '2019-01-10', 1009),
(321, 100437, 2013137, '2018-10-31', '2018-11-03', 1007),
(322, 100449, 2013157, '2019-12-06', '2019-12-09', 1005),
(323, 100625, 2013121, '2019-03-28', '2019-03-31', 1010),
(324, 100137, 2013200, '2018-12-27', '2018-12-30', 1009),
(325, 100673, 2013026, '2018-11-03', '2018-11-06', 1006),
(326, 100290, 2013092, '2019-12-28', '2019-12-31', 1008),
(327, 100354, 2013012, '2020-01-06', '2020-01-09', 1008),
(328, 100259, 2013121, '2019-02-17', '2019-02-20', 1009),
(329, 100518, 2013062, '2019-07-04', '2019-07-07', 1002),
(330, 100402, 2013169, '2020-02-04', '2020-02-07', 1007),
(331, 100045, 2013110, '2018-11-26', '2018-11-29', 1009),
(332, 100204, 2013005, '2018-11-17', '2018-11-20', 1009),
(333, 100083, 2013025, '2018-03-05', '2018-03-08', 1004),
(334, 100636, 2013027, '2019-11-15', '2019-11-18', 1003),
(335, 100449, 2013031, '2019-12-10', '2019-12-13', 1004),
(336, 100346, 2013092, '2019-11-08', '2019-11-11', 1002),
(337, 100234, 2013057, '2018-05-30', '2018-06-02', 1008),
(338, 100061, 2013076, '2018-02-06', '2018-02-09', 1006),
(339, 100460, 2013100, '2019-09-28', '2019-10-01', 1009),
(340, 100282, 2013070, '2018-09-21', '2018-09-24', 1006),
(341, 100673, 2013051, '2018-06-10', '2018-06-13', 1004),
(342, 100388, 2013079, '2019-03-27', '2019-03-30', 1004),
(343, 100176, 2013064, '2018-03-08', '2018-03-11', 1002),
(344, 100128, 2013043, '2019-07-31', '2019-08-03', 1008),
(345, 100434, 2013104, '2020-02-17', '2020-02-20', 1008),
(346, 100360, 2013076, '2019-12-21', '2019-12-24', 1001),
(347, 100014, 2013074, '2020-02-27', '2020-03-01', 1003),
(348, 100548, 2013036, '2018-06-11', '2018-06-14', 1009),
(349, 100175, 2013026, '2020-02-19', '2020-02-22', 1008),
(350, 100019, 2013160, '2018-06-10', '2018-06-13', 1004),
(351, 100645, 2013056, '2018-11-08', '2018-11-11', 1001),
(352, 100126, 2013043, '2018-10-11', '2018-10-14', 1006),
(353, 100349, 2013160, '2019-02-02', '2019-02-05', 1006),
(354, 100589, 2013037, '2018-08-31', '2018-09-03', 1008),
(355, 100518, 2013070, '2019-06-25', '2019-06-28', 1002),
(356, 100644, 2013152, '2020-01-27', '2020-01-30', 1008),
(357, 100034, 2013193, '2018-06-03', '2018-06-06', 1005),
(358, 100507, 2013190, '2019-08-22', '2019-08-25', 1008),
(359, 100061, 2013179, '2018-01-01', '2018-01-04', 1006),
(360, 100210, 2013009, '2019-07-11', '2019-07-14', 1004),
(361, 100269, 2013153, '2018-07-25', '2018-07-28', 1008),
(362, 100693, 2013178, '2018-04-10', '2018-04-13', 1003),
(363, 100124, 2013012, '2018-10-13', '2018-10-16', 1005),
(364, 100417, 2013083, '2019-09-01', '2019-09-04', 1009),
(365, 100118, 2013154, '2018-01-13', '2018-01-16', 1007),
(366, 100591, 2013141, '2019-02-18', '2019-02-21', 1001),
(367, 100324, 2013047, '2019-12-03', '2019-12-06', 1003),
(368, 100693, 2013072, '2019-05-19', '2019-05-22', 1007),
(369, 100582, 2013192, '2018-08-28', '2018-08-31', 1007),
(370, 100420, 2013180, '2019-04-26', '2019-04-29', 1009),
(371, 100204, 2013015, '2018-07-05', '2018-07-08', 1001),
(372, 100489, 2013137, '2018-03-28', '2018-03-31', 1008),
(373, 100247, 2013181, '2019-10-06', '2019-10-09', 1003),
(374, 100154, 2013174, '2019-03-15', '2019-03-18', 1002),
(375, 100230, 2013106, '2018-07-04', '2018-07-07', 1002),
(376, 100545, 2013111, '2019-06-17', '2019-06-20', 1009),
(377, 100607, 2013047, '2019-12-05', '2019-12-08', 1005),
(378, 100696, 2013104, '2018-12-09', '2018-12-12', 1005),
(379, 100360, 2013072, '2018-07-07', '2018-07-10', 1009),
(380, 100679, 2013099, '2019-02-03', '2019-02-06', 1007),
(381, 100444, 2013103, '2019-06-19', '2019-06-22', 1010),
(382, 100420, 2013080, '2018-04-11', '2018-04-14', 1003),
(383, 100388, 2013185, '2019-04-21', '2019-04-24', 1002),
(384, 100314, 2013014, '2019-03-26', '2019-03-29', 1004),
(385, 100058, 2013012, '2018-08-29', '2018-09-01', 1009),
(386, 100158, 2013076, '2019-01-06', '2019-01-09', 1009),
(387, 100309, 2013004, '2018-07-08', '2018-07-11', 1009),
(388, 100518, 2013149, '2019-09-12', '2019-09-15', 1006),
(389, 100188, 2013114, '2019-11-26', '2019-11-29', 1006),
(390, 100629, 2013034, '2018-09-12', '2018-09-15', 1009),
(391, 100403, 2013068, '2018-07-20', '2018-07-23', 1008),
(392, 100212, 2013011, '2019-07-20', '2019-07-23', 1007),
(393, 100665, 2013024, '2018-05-07', '2018-05-10', 1006),
(394, 100489, 2013113, '2020-01-27', '2020-01-30', 1003),
(395, 100479, 2013071, '2018-06-26', '2018-06-29', 1003),
(396, 100004, 2013140, '2018-04-21', '2018-04-24', 1010),
(397, 100507, 2013147, '2019-01-22', '2019-01-25', 1003),
(398, 100656, 2013040, '2019-02-02', '2019-02-05', 1001),
(399, 100484, 2013178, '2019-12-18', '2019-12-21', 1006),
(400, 100133, 2013011, '2019-08-24', '2019-08-27', 1006),
(401, 100297, 2013115, '2018-02-11', '2018-02-14', 1008),
(402, 100180, 2013175, '2019-05-22', '2019-05-25', 1006),
(403, 100314, 2013149, '2018-12-11', '2018-12-14', 1001),
(404, 100467, 2013101, '2018-06-10', '2018-06-13', 1001),
(405, 100377, 2013120, '2018-03-08', '2018-03-11', 1002),
(406, 100452, 2013137, '2018-08-28', '2018-08-31', 1006),
(407, 100401, 2013085, '2018-03-21', '2018-03-24', 1003),
(408, 100402, 2013026, '2019-07-23', '2019-07-26', 1008),
(409, 100649, 2013032, '2018-02-25', '2018-02-28', 1003),
(410, 100299, 2013027, '2018-05-24', '2018-05-27', 1008),
(411, 100600, 2013066, '2019-06-14', '2019-06-17', 1005),
(412, 100349, 2013011, '2018-02-11', '2018-02-14', 1002),
(413, 100692, 2013042, '2019-05-11', '2019-05-14', 1010),
(414, 100647, 2013091, '2018-08-19', '2018-08-22', 1004),
(415, 100163, 2013093, '2018-06-21', '2018-06-24', 1002),
(416, 100008, 2013008, '2018-11-05', '2018-11-08', 1007),
(417, 100427, 2013194, '2018-04-05', '2018-04-08', 1002),
(418, 100094, 2013082, '2019-12-09', '2019-12-12', 1009),
(419, 100543, 2013086, '2018-11-28', '2018-12-01', 1004),
(420, 100290, 2013151, '2019-10-06', '2019-10-09', 1009),
(421, 100463, 2013027, '2018-10-11', '2018-10-14', 1001),
(422, 100163, 2013033, '2019-08-23', '2019-08-26', 1009),
(423, 100474, 2013006, '2019-08-17', '2019-08-20', 1005),
(424, 100149, 2013097, '2018-02-22', '2018-02-25', 1007),
(425, 100268, 2013147, '2019-08-26', '2019-08-29', 1010),
(426, 100028, 2013137, '2018-11-01', '2018-11-04', 1009),
(427, 100118, 2013024, '2018-10-27', '2018-10-30', 1003),
(428, 100161, 2013068, '2019-09-14', '2019-09-17', 1005),
(429, 100280, 2013170, '2019-11-07', '2019-11-10', 1005),
(430, 100572, 2013171, '2018-11-06', '2018-11-09', 1002),
(431, 100512, 2013064, '2018-02-16', '2018-02-19', 1006),
(432, 100390, 2013133, '2019-07-19', '2019-07-22', 1008),
(433, 100201, 2013115, '2018-08-12', '2018-08-15', 1010),
(434, 100568, 2013073, '2018-04-26', '2018-04-29', 1007),
(435, 100362, 2013069, '2018-09-20', '2018-09-23', 1001),
(436, 100491, 2013167, '2018-11-07', '2018-11-10', 1003),
(437, 100392, 2013111, '2020-01-18', '2020-01-21', 1009),
(438, 100071, 2013092, '2018-09-09', '2018-09-12', 1008),
(439, 100126, 2013097, '2018-03-11', '2018-03-14', 1006),
(440, 100131, 2013082, '2019-02-03', '2019-02-06', 1009),
(441, 100041, 2013064, '2019-10-08', '2019-10-11', 1005),
(442, 100486, 2013171, '2020-02-24', '2020-02-27', 1002),
(443, 100655, 2013010, '2019-01-05', '2019-01-08', 1002),
(444, 100245, 2013118, '2018-03-04', '2018-03-07', 1010),
(445, 100445, 2013165, '2020-02-04', '2020-02-07', 1007),
(446, 100533, 2013142, '2019-05-04', '2019-05-07', 1009),
(447, 100033, 2013070, '2018-02-25', '2018-02-28', 1001),
(448, 100205, 2013172, '2019-08-10', '2019-08-13', 1009),
(449, 100255, 2013125, '2018-02-11', '2018-02-14', 1010),
(450, 100200, 2013076, '2019-12-03', '2019-12-06', 1006),
(451, 100454, 2013151, '2019-12-04', '2019-12-07', 1007),
(452, 100697, 2013135, '2020-01-05', '2020-01-08', 1005),
(453, 100418, 2013068, '2018-09-25', '2018-09-28', 1003),
(454, 100277, 2013184, '2018-01-18', '2018-01-21', 1006),
(455, 100133, 2013064, '2019-02-27', '2019-03-02', 1009),
(456, 100120, 2013154, '2018-07-15', '2018-07-18', 1009),
(457, 100641, 2013150, '2018-06-28', '2018-07-01', 1006),
(458, 100372, 2013138, '2018-11-12', '2018-11-15', 1005),
(459, 100009, 2013110, '2019-05-17', '2019-05-20', 1003),
(460, 100099, 2013132, '2018-07-31', '2018-08-03', 1001),
(461, 100395, 2013032, '2020-02-08', '2020-02-11', 1009),
(462, 100240, 2013172, '2018-02-17', '2018-02-20', 1009),
(463, 100598, 2013035, '2020-02-14', '2020-02-17', 1004),
(464, 100408, 2013122, '2018-07-12', '2018-07-15', 1005),
(465, 100341, 2013045, '2018-11-26', '2018-11-29', 1007),
(466, 100240, 2013032, '2018-02-16', '2018-02-19', 1005),
(467, 100141, 2013154, '2018-02-04', '2018-02-07', 1009),
(468, 100395, 2013136, '2018-08-09', '2018-08-12', 1003),
(469, 100227, 2013151, '2019-09-05', '2019-09-08', 1004),
(470, 100323, 2013036, '2018-10-28', '2018-10-31', 1003),
(471, 100104, 2013127, '2018-07-09', '2018-07-12', 1006),
(472, 100621, 2013094, '2018-04-18', '2018-04-21', 1008),
(473, 100203, 2013019, '2019-02-16', '2019-02-19', 1007),
(474, 100661, 2013091, '2018-08-15', '2018-08-18', 1009),
(475, 100222, 2013006, '2019-08-11', '2019-08-14', 1003),
(476, 100208, 2013014, '2019-11-14', '2019-11-17', 1002),
(477, 100287, 2013194, '2019-03-23', '2019-03-26', 1007),
(478, 100337, 2013053, '2019-04-30', '2019-05-03', 1006),
(479, 100358, 2013127, '2019-12-21', '2019-12-24', 1007),
(480, 100516, 2013178, '2019-03-21', '2019-03-24', 1005),
(481, 100485, 2013195, '2019-12-25', '2019-12-28', 1008),
(482, 100108, 2013183, '2019-05-08', '2019-05-11', 1006),
(483, 100128, 2013077, '2019-04-13', '2019-04-16', 1006),
(484, 100231, 2013067, '2020-02-11', '2020-02-14', 1005),
(485, 100232, 2013005, '2019-03-26', '2019-03-29', 1002),
(486, 100639, 2013175, '2018-02-05', '2018-02-08', 1008),
(487, 100178, 2013132, '2019-02-09', '2019-02-12', 1001),
(488, 100691, 2013010, '2019-11-11', '2019-11-14', 1004),
(489, 100198, 2013180, '2018-03-03', '2018-03-06', 1009),
(490, 100118, 2013199, '2019-10-10', '2019-10-13', 1007),
(491, 100335, 2013018, '2019-10-07', '2019-10-10', 1009),
(492, 100306, 2013135, '2019-02-27', '2019-03-02', 1005),
(493, 100642, 2013034, '2018-02-27', '2018-03-02', 1006),
(494, 100472, 2013072, '2019-03-03', '2019-03-06', 1006),
(495, 100047, 2013168, '2018-08-28', '2018-08-31', 1003),
(496, 100086, 2013013, '2019-08-24', '2019-08-27', 1009),
(497, 100365, 2013021, '2018-06-30', '2018-07-03', 1004),
(498, 100578, 2013159, '2018-04-06', '2018-04-09', 1008),
(499, 100141, 2013011, '2019-01-26', '2019-01-29', 1003),
(500, 100167, 2013153, '2019-08-16', '2019-08-19', 1006),
(501, 100596, 2013151, '2018-08-25', '2018-08-28', 1003),
(502, 100505, 2013134, '2019-01-17', '2019-01-20', 1005),
(503, 100539, 2013024, '2018-05-30', '2018-06-02', 1007),
(504, 100487, 2013140, '2018-09-21', '2018-09-24', 1006),
(505, 100480, 2013155, '2018-09-06', '2018-09-09', 1008),
(506, 100280, 2013194, '2018-04-04', '2018-04-07', 1008),
(507, 100685, 2013009, '2018-08-28', '2018-08-31', 1008),
(508, 100361, 2013086, '2018-03-27', '2018-03-30', 1004),
(509, 100011, 2013133, '2018-07-16', '2018-07-19', 1002),
(510, 100009, 2013030, '2018-11-08', '2018-11-11', 1001),
(511, 100478, 2013012, '2019-07-30', '2019-08-02', 1006),
(512, 100193, 2013163, '2018-02-02', '2018-02-05', 1002),
(513, 100290, 2013074, '2019-04-14', '2019-04-17', 1007),
(514, 100174, 2013171, '2018-07-24', '2018-07-27', 1004),
(515, 100109, 2013175, '2018-04-28', '2018-05-01', 1002),
(516, 100578, 2013018, '2019-09-27', '2019-09-30', 1005),
(517, 100053, 2013182, '2019-06-14', '2019-06-17', 1009),
(518, 100428, 2013149, '2018-11-22', '2018-11-25', 1001),
(519, 100429, 2013089, '2018-08-09', '2018-08-12', 1006),
(520, 100172, 2013059, '2019-11-19', '2019-11-22', 1002),
(521, 100552, 2013126, '2019-12-24', '2019-12-27', 1002),
(522, 100185, 2013141, '2018-08-11', '2018-08-14', 1009),
(523, 100539, 2013065, '2020-01-29', '2020-02-01', 1010),
(524, 100549, 2013069, '2018-01-25', '2018-01-28', 1009),
(525, 100056, 2013191, '2020-02-06', '2020-02-09', 1003),
(526, 100289, 2013088, '2020-02-17', '2020-02-20', 1008),
(527, 100604, 2013059, '2019-10-24', '2019-10-27', 1005),
(528, 100549, 2013080, '2019-02-16', '2019-02-19', 1003),
(529, 100521, 2013077, '2019-08-28', '2019-08-31', 1005),
(530, 100507, 2013093, '2018-01-05', '2018-01-08', 1003),
(531, 100127, 2013174, '2018-05-11', '2018-05-14', 1003),
(532, 100683, 2013005, '2018-05-18', '2018-05-21', 1008),
(533, 100156, 2013144, '2018-11-10', '2018-11-13', 1004),
(534, 100351, 2013189, '2019-07-18', '2019-07-21', 1002),
(535, 100472, 2013127, '2018-06-15', '2018-06-18', 1002),
(536, 100285, 2013104, '2019-06-12', '2019-06-15', 1002),
(537, 100417, 2013052, '2019-11-03', '2019-11-06', 1009),
(538, 100489, 2013183, '2019-08-09', '2019-08-12', 1005),
(539, 100637, 2013124, '2018-12-22', '2018-12-25', 1003),
(540, 100024, 2013139, '2019-06-24', '2019-06-27', 1008),
(541, 100167, 2013070, '2019-06-16', '2019-06-19', 1009),
(542, 100615, 2013098, '2019-09-19', '2019-09-22', 1005),
(543, 100384, 2013157, '2018-11-16', '2018-11-19', 1006),
(544, 100324, 2013018, '2018-08-20', '2018-08-23', 1007),
(545, 100136, 2013117, '2019-06-23', '2019-06-26', 1007),
(546, 100316, 2013039, '2019-04-10', '2019-04-13', 1010),
(547, 100169, 2013136, '2018-02-14', '2018-02-17', 1002),
(548, 100248, 2013055, '2018-09-30', '2018-10-03', 1003),
(549, 100551, 2013005, '2019-07-28', '2019-07-31', 1008),
(550, 100232, 2013109, '2019-02-07', '2019-02-10', 1002),
(551, 100638, 2013110, '2019-01-02', '2019-01-05', 1002),
(552, 100384, 2013049, '2018-06-19', '2018-06-22', 1003),
(553, 100626, 2013181, '2019-11-04', '2019-11-07', 1005),
(554, 100521, 2013180, '2018-04-26', '2018-04-29', 1002),
(555, 100271, 2013043, '2018-11-26', '2018-11-29', 1001),
(556, 100431, 2013137, '2019-01-07', '2019-01-10', 1004),
(557, 100426, 2013160, '2019-02-20', '2019-02-23', 1005),
(558, 100315, 2013079, '2018-08-24', '2018-08-27', 1005),
(559, 100606, 2013033, '2019-01-23', '2019-01-26', 1004),
(560, 100653, 2013066, '2019-11-29', '2019-12-02', 1002),
(561, 100038, 2013021, '2019-06-13', '2019-06-16', 1007),
(562, 100512, 2013127, '2019-06-25', '2019-06-28', 1005),
(563, 100618, 2013191, '2019-10-21', '2019-10-24', 1004),
(564, 100601, 2013115, '2018-02-22', '2018-02-25', 1005),
(565, 100663, 2013048, '2018-09-17', '2018-09-20', 1006),
(566, 100239, 2013054, '2020-02-01', '2020-02-04', 1009),
(567, 100622, 2013129, '2018-06-18', '2018-06-21', 1002),
(568, 100625, 2013029, '2018-12-15', '2018-12-18', 1002),
(569, 100180, 2013127, '2018-08-13', '2018-08-16', 1006),
(570, 100434, 2013027, '2019-10-21', '2019-10-24', 1005),
(571, 100047, 2013114, '2019-12-18', '2019-12-21', 1004),
(572, 100244, 2013088, '2020-01-02', '2020-01-05', 1002),
(573, 100464, 2013168, '2018-09-13', '2018-09-16', 1008),
(574, 100559, 2013137, '2018-02-20', '2018-02-23', 1007),
(575, 100073, 2013030, '2019-07-15', '2019-07-18', 1003),
(576, 100330, 2013073, '2019-09-12', '2019-09-15', 1008),
(577, 100032, 2013161, '2020-01-02', '2020-01-05', 1009),
(578, 100428, 2013134, '2019-03-10', '2019-03-13', 1007),
(579, 100038, 2013176, '2018-01-28', '2018-01-31', 1002),
(580, 100366, 2013040, '2019-05-27', '2019-05-30', 1004),
(581, 100238, 2013053, '2019-04-24', '2019-04-27', 1003),
(582, 100326, 2013076, '2019-07-28', '2019-07-31', 1009),
(583, 100365, 2013130, '2019-08-02', '2019-08-05', 1002),
(584, 100121, 2013038, '2019-12-05', '2019-12-08', 1002),
(585, 100432, 2013163, '2019-02-24', '2019-02-27', 1008),
(586, 100303, 2013167, '2018-05-29', '2018-06-01', 1007),
(587, 100695, 2013077, '2019-10-06', '2019-10-09', 1005),
(588, 100579, 2013015, '2020-01-15', '2020-01-18', 1001),
(589, 100521, 2013198, '2019-12-15', '2019-12-18', 1004),
(590, 100006, 2013186, '2019-12-06', '2019-12-09', 1008),
(591, 100658, 2013083, '2019-09-17', '2019-09-20', 1002),
(592, 100267, 2013074, '2018-04-11', '2018-04-14', 1003),
(593, 100079, 2013042, '2018-03-08', '2018-03-11', 1001),
(594, 100474, 2013127, '2018-08-07', '2018-08-10', 1007),
(595, 100703, 2013031, '2019-10-20', '2019-10-23', 1001),
(596, 100035, 2013107, '2018-09-04', '2018-09-07', 1010),
(597, 100516, 2013196, '2019-05-04', '2019-05-07', 1003),
(598, 100358, 2013083, '2018-09-15', '2018-09-18', 1010),
(599, 100603, 2013115, '2018-08-11', '2018-08-14', 1009),
(600, 100007, 2013029, '2018-02-26', '2018-03-01', 1003),
(601, 100404, 2013102, '2019-06-25', '2019-06-28', 1006),
(602, 100418, 2013155, '2019-08-21', '2019-08-24', 1008),
(603, 100591, 2013122, '2018-03-19', '2018-03-22', 1009),
(604, 100699, 2013019, '2018-11-10', '2018-11-13', 1005),
(605, 100111, 2013016, '2019-12-13', '2019-12-16', 1005),
(606, 100509, 2013169, '2018-03-03', '2018-03-06', 1006),
(607, 100518, 2013086, '2018-11-29', '2018-12-02', 1002),
(608, 100326, 2013097, '2020-02-03', '2020-02-06', 1007),
(609, 100269, 2013196, '2020-01-06', '2020-01-09', 1006),
(610, 100335, 2013166, '2018-05-24', '2018-05-27', 1010),
(611, 100015, 2013055, '2018-03-05', '2018-03-08', 1002),
(612, 100397, 2013096, '2020-01-29', '2020-02-01', 1003),
(613, 100362, 2013081, '2019-11-06', '2019-11-09', 1004),
(614, 100280, 2013063, '2020-02-06', '2020-02-09', 1004),
(615, 100678, 2013077, '2018-11-10', '2018-11-13', 1005),
(616, 100108, 2013048, '2019-01-18', '2019-01-21', 1004),
(617, 100028, 2013141, '2019-01-09', '2019-01-12', 1005),
(618, 100113, 2013131, '2018-01-08', '2018-01-11', 1004),
(619, 100352, 2013196, '2019-03-17', '2019-03-20', 1005),
(620, 100459, 2013089, '2020-02-13', '2020-02-16', 1007),
(621, 100386, 2013103, '2019-02-04', '2019-02-07', 1001),
(622, 100270, 2013052, '2019-08-09', '2019-08-12', 1009),
(623, 100635, 2013072, '2018-07-14', '2018-07-17', 1006),
(624, 100317, 2013181, '2019-01-15', '2019-01-18', 1009),
(625, 100159, 2013081, '2018-06-12', '2018-06-15', 1003),
(626, 100388, 2013193, '2018-06-05', '2018-06-08', 1004),
(627, 100451, 2013179, '2019-05-12', '2019-05-15', 1009),
(628, 100668, 2013035, '2019-04-17', '2019-04-20', 1002),
(629, 100323, 2013072, '2019-05-02', '2019-05-05', 1006),
(630, 100101, 2013059, '2020-01-23', '2020-01-26', 1003),
(631, 100246, 2013146, '2019-06-15', '2019-06-18', 1006),
(632, 100342, 2013012, '2019-09-29', '2019-10-02', 1006),
(633, 100550, 2013160, '2018-06-08', '2018-06-11', 1007),
(634, 100149, 2013187, '2018-01-17', '2018-01-20', 1002),
(635, 100189, 2013077, '2018-11-09', '2018-11-12', 1009),
(636, 100019, 2013116, '2018-12-29', '2019-01-01', 1003),
(637, 100043, 2013137, '2019-09-26', '2019-09-29', 1003),
(638, 100484, 2013170, '2019-12-29', '2020-01-01', 1005),
(639, 100675, 2013105, '2018-03-31', '2018-04-03', 1003),
(640, 100128, 2013149, '2019-09-19', '2019-09-22', 1006),
(641, 100191, 2013076, '2018-01-04', '2018-01-07', 1008),
(642, 100101, 2013098, '2018-07-26', '2018-07-29', 1004),
(643, 100534, 2013177, '2018-05-12', '2018-05-15', 1009),
(644, 100610, 2013077, '2020-01-10', '2020-01-13', 1005),
(645, 100405, 2013085, '2019-10-20', '2019-10-23', 1002),
(646, 100571, 2013103, '2019-10-17', '2019-10-20', 1009),
(647, 100640, 2013181, '2018-06-17', '2018-06-20', 1009),
(648, 100347, 2013182, '2019-09-11', '2019-09-14', 1005),
(649, 100111, 2013152, '2018-02-06', '2018-02-09', 1009),
(650, 100281, 2013131, '2018-06-01', '2018-06-04', 1007),
(651, 100609, 2013121, '2018-07-24', '2018-07-27', 1007),
(652, 100203, 2013061, '2020-01-06', '2020-01-09', 1009),
(653, 100227, 2013144, '2018-12-31', '2019-01-03', 1006),
(654, 100082, 2013095, '2019-11-10', '2019-11-13', 1006),
(655, 100376, 2013071, '2018-01-10', '2018-01-13', 1007),
(656, 100324, 2013021, '2018-06-15', '2018-06-18', 1004),
(657, 100014, 2013047, '2019-05-01', '2019-05-04', 1008),
(658, 100613, 2013097, '2019-06-13', '2019-06-16', 1008),
(659, 100106, 2013076, '2019-04-13', '2019-04-16', 1007),
(660, 100557, 2013085, '2018-01-01', '2018-01-04', 1009),
(661, 100076, 2013030, '2018-03-10', '2018-03-13', 1009),
(662, 100318, 2013130, '2018-07-02', '2018-07-05', 1005),
(663, 100081, 2013078, '2019-12-20', '2019-12-23', 1004),
(664, 100437, 2013124, '2018-01-26', '2018-01-29', 1001),
(665, 100634, 2013122, '2020-01-07', '2020-01-10', 1010),
(666, 100690, 2013012, '2019-06-08', '2019-06-11', 1006),
(667, 100470, 2013154, '2019-02-23', '2019-02-26', 1006),
(668, 100132, 2013098, '2018-10-07', '2018-10-10', 1005),
(669, 100281, 2013031, '2019-10-26', '2019-10-29', 1004),
(670, 100069, 2013135, '2020-02-02', '2020-02-05', 1002),
(671, 100651, 2013075, '2020-02-05', '2020-02-08', 1009),
(672, 100308, 2013170, '2020-02-12', '2020-02-15', 1004),
(673, 100224, 2013061, '2018-08-26', '2018-08-29', 1004),
(674, 100017, 2013012, '2018-07-01', '2018-07-04', 1006),
(675, 100696, 2013166, '2019-07-09', '2019-07-12', 1002),
(676, 100516, 2013168, '2019-11-15', '2019-11-18', 1009),
(677, 100430, 2013045, '2018-12-15', '2018-12-18', 1004),
(678, 100244, 2013034, '2019-11-12', '2019-11-15', 1007),
(679, 100185, 2013104, '2018-06-12', '2018-06-15', 1003),
(680, 100394, 2013167, '2018-08-10', '2018-08-13', 1008),
(681, 100015, 2013156, '2019-01-04', '2019-01-07', 1006),
(682, 100574, 2013171, '2019-03-10', '2019-03-13', 1004),
(683, 100419, 2013030, '2019-11-07', '2019-11-10', 1009),
(684, 100691, 2013118, '2019-04-28', '2019-05-01', 1005),
(685, 100146, 2013132, '2020-02-05', '2020-02-08', 1006),
(686, 100140, 2013070, '2019-09-08', '2019-09-11', 1009),
(687, 100152, 2013163, '2019-02-26', '2019-03-01', 1003),
(688, 100263, 2013079, '2018-10-07', '2018-10-10', 1009),
(689, 100425, 2013017, '2019-10-09', '2019-10-12', 1002),
(690, 100428, 2013077, '2019-12-21', '2019-12-24', 1002),
(691, 100191, 2013151, '2018-01-14', '2018-01-17', 1001),
(692, 100608, 2013201, '2019-01-26', '2019-01-29', 1007),
(693, 100567, 2013164, '2020-02-14', '2020-02-17', 1006),
(694, 100645, 2013116, '2018-05-24', '2018-05-27', 1009),
(695, 100194, 2013074, '2019-05-29', '2019-06-01', 1006),
(696, 100165, 2013089, '2019-05-15', '2019-05-18', 1008),
(697, 100610, 2013169, '2018-12-27', '2018-12-30', 1009),
(698, 100351, 2013074, '2019-11-16', '2019-11-19', 1008),
(699, 100377, 2013040, '2019-05-07', '2019-05-10', 1005),
(700, 100095, 2013179, '2019-12-25', '2019-12-28', 1010),
(701, 100555, 2013106, '2018-03-09', '2018-03-12', 1003),
(702, 100472, 2013054, '2018-08-11', '2018-08-14', 1006),
(703, 100122, 2013190, '2018-11-07', '2018-11-10', 1008),
(704, 100147, 2013060, '2018-01-09', '2018-01-12', 1007),
(705, 100186, 2013184, '2018-12-12', '2018-12-15', 1009),
(706, 100035, 2013013, '2019-07-23', '2019-07-26', 1004),
(707, 100274, 2013042, '2019-01-14', '2019-01-17', 1007),
(708, 100631, 2013014, '2019-02-17', '2019-02-20', 1006),
(709, 100490, 2013076, '2020-02-23', '2020-02-26', 1009),
(710, 100318, 2013082, '2019-08-07', '2019-08-10', 1007),
(711, 100079, 2013129, '2018-02-05', '2018-02-08', 1005),
(712, 100545, 2013048, '2019-12-14', '2019-12-17', 1010),
(713, 100384, 2013092, '2018-09-23', '2018-09-26', 1001),
(714, 100482, 2013191, '2019-04-30', '2019-05-03', 1007),
(715, 100299, 2013030, '2018-10-26', '2018-10-29', 1009),
(716, 100009, 2013039, '2020-02-21', '2020-02-24', 1007),
(717, 100667, 2013046, '2020-02-20', '2020-02-23', 1005),
(718, 100145, 2013181, '2019-05-04', '2019-05-07', 1007),
(719, 100193, 2013131, '2020-01-06', '2020-01-09', 1003),
(720, 100213, 2013163, '2019-03-21', '2019-03-24', 1002),
(721, 100706, 2013142, '2018-03-16', '2018-03-19', 1009),
(722, 100295, 2013195, '2018-11-08', '2018-11-11', 1003),
(723, 100681, 2013156, '2018-04-09', '2018-04-12', 1006),
(724, 100161, 2013195, '2019-07-27', '2019-07-30', 1009),
(725, 100193, 2013084, '2019-03-04', '2019-03-07', 1006),
(726, 100284, 2013012, '2019-11-30', '2019-12-03', 1010),
(727, 100375, 2013016, '2018-06-23', '2018-06-26', 1009),
(728, 100567, 2013004, '2019-01-21', '2019-01-24', 1001),
(729, 100182, 2013185, '2020-02-07', '2020-02-10', 1002),
(730, 100058, 2013020, '2019-02-13', '2019-02-16', 1006),
(731, 100168, 2013071, '2019-12-29', '2020-01-01', 1004),
(732, 100064, 2013141, '2019-10-07', '2019-10-10', 1004),
(733, 100514, 2013071, '2019-08-25', '2019-08-28', 1003),
(734, 100421, 2013189, '2018-11-05', '2018-11-08', 1005),
(735, 100015, 2013100, '2020-02-03', '2020-02-06', 1005),
(736, 100650, 2013135, '2018-01-11', '2018-01-14', 1005),
(737, 100364, 2013116, '2018-07-24', '2018-07-27', 1003),
(738, 100574, 2013155, '2018-08-10', '2018-08-13', 1002),
(739, 100167, 2013057, '2020-01-05', '2020-01-08', 1010),
(740, 100300, 2013058, '2019-06-09', '2019-06-12', 1006),
(741, 100591, 2013161, '2019-11-22', '2019-11-25', 1007),
(742, 100022, 2013086, '2018-01-24', '2018-01-27', 1001),
(743, 100599, 2013080, '2018-02-27', '2018-03-02', 1001),
(744, 100451, 2013195, '2020-02-21', '2020-02-24', 1003),
(745, 100470, 2013043, '2018-01-17', '2018-01-20', 1005),
(746, 100552, 2013088, '2018-10-24', '2018-10-27', 1009),
(747, 100582, 2013166, '2018-08-13', '2018-08-16', 1005),
(748, 100021, 2013015, '2018-11-02', '2018-11-05', 1002),
(749, 100010, 2013160, '2018-02-19', '2018-02-22', 1008),
(750, 100405, 2013006, '2020-02-08', '2020-02-11', 1009),
(751, 100083, 2013025, '2019-03-19', '2019-03-22', 1010),
(752, 100597, 2013178, '2019-09-26', '2019-09-29', 1002),
(753, 100282, 2013109, '2018-05-12', '2018-05-15', 1003),
(754, 100254, 2013186, '2018-07-16', '2018-07-19', 1007),
(755, 100464, 2013041, '2019-12-04', '2019-12-07', 1003),
(756, 100633, 2013140, '2018-09-08', '2018-09-11', 1008),
(757, 100043, 2013037, '2018-11-23', '2018-11-26', 1007),
(758, 100206, 2013137, '2019-07-28', '2019-07-31', 1003),
(759, 100044, 2013106, '2018-06-19', '2018-06-22', 1003),
(760, 100372, 2013007, '2019-05-15', '2019-05-18', 1002),
(761, 100385, 2013017, '2019-12-23', '2019-12-26', 1001),
(762, 100570, 2013082, '2019-08-08', '2019-08-11', 1005),
(763, 100444, 2013168, '2019-09-11', '2019-09-14', 1007),
(764, 100525, 2013191, '2018-03-23', '2018-03-26', 1008),
(765, 100562, 2013103, '2018-08-10', '2018-08-13', 1005),
(766, 100536, 2013184, '2019-09-20', '2019-09-23', 1007),
(767, 100443, 2013036, '2018-05-04', '2018-05-07', 1007),
(768, 100637, 2013059, '2018-07-20', '2018-07-23', 1006),
(769, 100079, 2013058, '2019-10-02', '2019-10-05', 1002),
(770, 100597, 2013181, '2020-01-12', '2020-01-15', 1007),
(771, 100461, 2013124, '2019-12-19', '2019-12-22', 1006),
(772, 100572, 2013195, '2018-03-19', '2018-03-22', 1007),
(773, 100566, 2013070, '2019-02-24', '2019-02-27', 1006),
(774, 100437, 2013074, '2018-06-10', '2018-06-13', 1009),
(775, 100060, 2013049, '2019-04-09', '2019-04-12', 1006),
(776, 100592, 2013182, '2018-06-16', '2018-06-19', 1001),
(777, 100572, 2013167, '2019-05-02', '2019-05-05', 1009),
(778, 100490, 2013027, '2020-02-15', '2020-02-18', 1002),
(779, 100072, 2013053, '2019-02-04', '2019-02-07', 1008),
(780, 100456, 2013083, '2018-07-25', '2018-07-28', 1002),
(781, 100023, 2013020, '2018-08-25', '2018-08-28', 1003),
(782, 100621, 2013115, '2018-01-07', '2018-01-10', 1002),
(783, 100339, 2013124, '2018-11-01', '2018-11-04', 1007),
(784, 100050, 2013197, '2019-06-05', '2019-06-08', 1001),
(785, 100003, 2013143, '2019-09-22', '2019-09-25', 1007),
(786, 100052, 2013042, '2018-07-09', '2018-07-12', 1008),
(787, 100084, 2013194, '2018-10-16', '2018-10-19', 1006),
(788, 100330, 2013108, '2019-01-25', '2019-01-28', 1001),
(789, 100258, 2013173, '2019-05-25', '2019-05-28', 1005),
(790, 100241, 2013061, '2020-02-07', '2020-02-10', 1008),
(791, 100464, 2013190, '2019-06-11', '2019-06-14', 1007),
(792, 100051, 2013127, '2020-02-25', '2020-02-28', 1002),
(793, 100399, 2013006, '2018-12-27', '2018-12-30', 1007),
(794, 100151, 2013191, '2018-01-21', '2018-01-24', 1004),
(795, 100149, 2013149, '2018-07-27', '2018-07-30', 1006),
(796, 100286, 2013159, '2018-06-17', '2018-06-20', 1002),
(797, 100207, 2013151, '2018-11-19', '2018-11-22', 1006),
(798, 100701, 2013007, '2018-12-01', '2018-12-04', 1001),
(799, 100529, 2013160, '2018-10-05', '2018-10-08', 1007),
(800, 100390, 2013198, '2018-02-20', '2018-02-23', 1005),
(801, 100087, 2013169, '2019-07-25', '2019-07-28', 1009),
(802, 100086, 2013097, '2019-04-17', '2019-04-20', 1005),
(803, 100571, 2013066, '2020-02-24', '2020-02-27', 1007),
(804, 100471, 2013086, '2019-01-17', '2019-01-20', 1003),
(805, 100415, 2013047, '2019-12-31', '2020-01-03', 1007),
(806, 100506, 2013129, '2018-05-15', '2018-05-18', 1006),
(807, 100209, 2013028, '2018-06-24', '2018-06-27', 1010),
(808, 100450, 2013156, '2018-06-04', '2018-06-07', 1005),
(809, 100393, 2013049, '2019-05-20', '2019-05-23', 1001),
(810, 100318, 2013076, '2018-12-07', '2018-12-10', 1010),
(811, 100552, 2013120, '2018-07-27', '2018-07-30', 1009),
(812, 100346, 2013120, '2018-03-21', '2018-03-24', 1006),
(813, 100046, 2013012, '2020-01-16', '2020-01-19', 1009),
(814, 100574, 2013129, '2018-06-16', '2018-06-19', 1002),
(815, 100261, 2013165, '2018-03-16', '2018-03-19', 1005),
(816, 100549, 2013168, '2018-09-17', '2018-09-20', 1004),
(817, 100238, 2013172, '2019-07-27', '2019-07-30', 1007),
(818, 100548, 2013055, '2018-12-30', '2019-01-02', 1005),
(819, 100058, 2013101, '2018-07-25', '2018-07-28', 1006),
(820, 100054, 2013103, '2019-12-21', '2019-12-24', 1008),
(821, 100506, 2013135, '2019-01-21', '2019-01-24', 1009),
(822, 100346, 2013147, '2018-02-02', '2018-02-05', 1001),
(823, 100556, 2013194, '2019-04-03', '2019-04-06', 1010),
(824, 100650, 2013059, '2019-02-18', '2019-02-21', 1005),
(825, 100421, 2013067, '2019-10-28', '2019-10-31', 1009),
(826, 100245, 2013120, '2018-09-21', '2018-09-24', 1003),
(827, 100686, 2013112, '2019-05-25', '2019-05-28', 1004),
(828, 100403, 2013166, '2019-11-25', '2019-11-28', 1002),
(829, 100551, 2013004, '2018-07-31', '2018-08-03', 1008),
(830, 100360, 2013143, '2019-10-21', '2019-10-24', 1001),
(831, 100253, 2013028, '2018-07-06', '2018-07-09', 1004),
(832, 100044, 2013025, '2018-01-20', '2018-01-23', 1006),
(833, 100537, 2013138, '2018-07-06', '2018-07-09', 1005),
(834, 100352, 2013082, '2018-07-20', '2018-07-23', 1009),
(835, 100488, 2013131, '2018-05-14', '2018-05-17', 1006),
(836, 100506, 2013151, '2019-03-16', '2019-03-19', 1002),
(837, 100383, 2013133, '2018-06-10', '2018-06-13', 1004),
(838, 100653, 2013021, '2019-06-02', '2019-06-05', 1004),
(839, 100077, 2013177, '2019-05-01', '2019-05-04', 1004),
(840, 100642, 2013095, '2018-07-29', '2018-08-01', 1004),
(841, 100407, 2013173, '2019-12-06', '2019-12-09', 1006),
(842, 100130, 2013135, '2018-12-05', '2018-12-08', 1005),
(843, 100548, 2013151, '2018-01-21', '2018-01-24', 1002),
(844, 100208, 2013166, '2019-05-27', '2019-05-30', 1009),
(845, 100208, 2013193, '2018-01-29', '2018-02-01', 1004),
(846, 100098, 2013013, '2019-03-27', '2019-03-30', 1006),
(847, 100570, 2013021, '2019-04-11', '2019-04-14', 1003),
(848, 100398, 2013061, '2018-10-06', '2018-10-09', 1002),
(849, 100275, 2013129, '2018-05-24', '2018-05-27', 1002),
(850, 100471, 2013106, '2018-03-12', '2018-03-15', 1004),
(851, 100138, 2013198, '2019-03-29', '2019-04-01', 1004),
(852, 100386, 2013178, '2018-04-30', '2018-05-03', 1002),
(853, 100108, 2013034, '2018-05-22', '2018-05-25', 1007),
(854, 100455, 2013004, '2019-06-13', '2019-06-16', 1006),
(855, 100375, 2013092, '2019-08-17', '2019-08-20', 1002),
(856, 100381, 2013080, '2019-07-11', '2019-07-14', 1004),
(857, 100683, 2013189, '2018-10-15', '2018-10-18', 1010),
(858, 100631, 2013009, '2018-12-28', '2018-12-31', 1005),
(859, 100214, 2013122, '2019-05-15', '2019-05-18', 1007),
(860, 100045, 2013198, '2018-10-27', '2018-10-30', 1009),
(861, 100673, 2013184, '2018-06-23', '2018-06-26', 1003),
(862, 100617, 2013146, '2019-08-02', '2019-08-05', 1002),
(863, 100634, 2013155, '2018-11-09', '2018-11-12', 1005),
(864, 100382, 2013031, '2018-01-02', '2018-01-05', 1002),
(865, 100381, 2013136, '2018-08-29', '2018-09-01', 1007),
(866, 100319, 2013040, '2019-11-17', '2019-11-20', 1005),
(867, 100289, 2013010, '2020-02-05', '2020-02-08', 1007),
(868, 100644, 2013065, '2018-01-06', '2018-01-09', 1003),
(869, 100279, 2013050, '2018-06-21', '2018-06-24', 1005),
(870, 100646, 2013065, '2019-10-15', '2019-10-18', 1007),
(871, 100016, 2013198, '2020-02-19', '2020-02-22', 1005),
(872, 100316, 2013008, '2019-11-09', '2019-11-12', 1007),
(873, 100244, 2013042, '2018-07-28', '2018-07-31', 1004),
(874, 100463, 2013063, '2018-12-02', '2018-12-05', 1008),
(875, 100430, 2013054, '2019-02-26', '2019-03-01', 1003),
(876, 100613, 2013181, '2019-08-05', '2019-08-08', 1005),
(877, 100087, 2013085, '2018-01-29', '2018-02-01', 1006),
(878, 100103, 2013125, '2018-03-14', '2018-03-17', 1008),
(879, 100166, 2013158, '2019-05-27', '2019-05-30', 1006),
(880, 100396, 2013155, '2018-11-02', '2018-11-05', 1009),
(881, 100664, 2013095, '2018-08-01', '2018-08-04', 1009),
(882, 100631, 2013044, '2018-09-24', '2018-09-27', 1003),
(883, 100394, 2013099, '2018-05-13', '2018-05-16', 1002),
(884, 100496, 2013042, '2019-12-03', '2019-12-06', 1002),
(885, 100361, 2013095, '2019-08-11', '2019-08-14', 1002),
(886, 100438, 2013198, '2019-01-23', '2019-01-26', 1003),
(887, 100284, 2013079, '2019-11-29', '2019-12-02', 1008),
(888, 100155, 2013020, '2018-08-15', '2018-08-18', 1008),
(889, 100358, 2013140, '2019-03-03', '2019-03-06', 1004),
(890, 100110, 2013019, '2019-09-08', '2019-09-11', 1004),
(891, 100285, 2013030, '2018-08-10', '2018-08-13', 1006),
(892, 100482, 2013005, '2019-08-08', '2019-08-11', 1003),
(893, 100612, 2013082, '2018-04-03', '2018-04-06', 1005),
(894, 100310, 2013178, '2018-04-28', '2018-05-01', 1003);
INSERT INTO `prestamos` (`numero_prestamo`, `codigo_libro`, `carne_alumno`, `fecha_prestamo`, `fecha_devolucion`, `codigo_empleado`) VALUES
(895, 100604, 2013104, '2019-07-22', '2019-07-25', 1004),
(896, 100473, 2013096, '2019-05-05', '2019-05-08', 1007),
(897, 100569, 2013096, '2019-11-05', '2019-11-08', 1002),
(898, 100480, 2013047, '2020-01-16', '2020-01-19', 1002),
(899, 100680, 2013122, '2019-11-09', '2019-11-12', 1003),
(900, 100650, 2013162, '2020-01-18', '2020-01-21', 1004),
(901, 100116, 2013072, '2018-02-05', '2018-02-08', 1005),
(902, 100049, 2013176, '2019-05-17', '2019-05-20', 1002),
(903, 100018, 2013068, '2019-11-17', '2019-11-20', 1002),
(904, 100143, 2013065, '2018-08-28', '2018-08-31', 1001),
(905, 100541, 2013007, '2019-01-14', '2019-01-17', 1006),
(906, 100453, 2013158, '2018-11-19', '2018-11-22', 1008),
(907, 100429, 2013015, '2019-10-29', '2019-11-01', 1009),
(908, 100656, 2013133, '2018-11-01', '2018-11-04', 1003),
(909, 100554, 2013139, '2018-07-14', '2018-07-17', 1005),
(910, 100046, 2013192, '2020-02-05', '2020-02-08', 1009),
(911, 100371, 2013062, '2018-10-29', '2018-11-01', 1007),
(912, 100469, 2013059, '2019-12-12', '2019-12-15', 1010),
(913, 100229, 2013051, '2020-02-04', '2020-02-07', 1002),
(914, 100014, 2013106, '2019-02-10', '2019-02-13', 1003),
(915, 100655, 2013060, '2019-07-05', '2019-07-08', 1006),
(916, 100088, 2013053, '2018-07-24', '2018-07-27', 1003),
(917, 100586, 2013012, '2018-06-05', '2018-06-08', 1006),
(918, 100413, 2013038, '2019-01-02', '2019-01-05', 1009),
(919, 100689, 2013020, '2019-05-30', '2019-06-02', 1009),
(920, 100551, 2013170, '2018-08-10', '2018-08-13', 1007),
(921, 100193, 2013201, '2018-01-07', '2018-01-10', 1003),
(922, 100241, 2013023, '2019-11-13', '2019-11-16', 1005),
(923, 100664, 2013069, '2019-07-26', '2019-07-29', 1005),
(924, 100520, 2013148, '2020-01-29', '2020-02-01', 1008),
(925, 100051, 2013157, '2019-01-03', '2019-01-06', 1006),
(926, 100284, 2013064, '2018-04-22', '2018-04-25', 1003),
(927, 100359, 2013150, '2019-09-19', '2019-09-22', 1006),
(928, 100470, 2013050, '2018-02-10', '2018-02-13', 1006),
(929, 100398, 2013125, '2019-03-29', '2019-04-01', 1007),
(930, 100670, 2013193, '2018-06-01', '2018-06-04', 1007),
(931, 100506, 2013173, '2018-12-02', '2018-12-05', 1009),
(932, 100618, 2013153, '2018-12-27', '2018-12-30', 1005),
(933, 100423, 2013124, '2019-05-07', '2019-05-10', 1002),
(934, 100409, 2013152, '2019-08-05', '2019-08-08', 1008),
(935, 100660, 2013104, '2018-08-16', '2018-08-19', 1003),
(936, 100581, 2013088, '2019-11-29', '2019-12-02', 1010),
(937, 100701, 2013098, '2019-01-17', '2019-01-20', 1009),
(938, 100344, 2013161, '2018-03-11', '2018-03-14', 1002),
(939, 100458, 2013078, '2019-01-15', '2019-01-18', 1006),
(940, 100227, 2013134, '2018-08-31', '2018-09-03', 1005),
(941, 100492, 2013039, '2018-05-26', '2018-05-29', 1003),
(942, 100270, 2013178, '2018-02-28', '2018-03-03', 1006),
(943, 100314, 2013168, '2019-11-25', '2019-11-28', 1009),
(944, 100141, 2013200, '2018-03-05', '2018-03-08', 1005),
(945, 100089, 2013060, '2018-05-03', '2018-05-06', 1003),
(946, 100659, 2013057, '2020-01-10', '2020-01-13', 1008),
(947, 100662, 2013014, '2018-07-16', '2018-07-19', 1008),
(948, 100376, 2013200, '2018-02-09', '2018-02-12', 1010),
(949, 100611, 2013055, '2018-09-02', '2018-09-05', 1003),
(950, 100422, 2013083, '2018-08-05', '2018-08-08', 1006),
(951, 100125, 2013062, '2019-08-17', '2019-08-20', 1006),
(952, 100369, 2013053, '2018-05-18', '2018-05-21', 1009),
(953, 100191, 2013193, '2019-04-14', '2019-04-17', 1010),
(954, 100006, 2013128, '2019-07-11', '2019-07-14', 1008),
(955, 100614, 2013027, '2019-04-02', '2019-04-05', 1006),
(956, 100480, 2013180, '2019-05-22', '2019-05-25', 1009),
(957, 100303, 2013026, '2018-05-01', '2018-05-04', 1003),
(958, 100483, 2013069, '2018-11-14', '2018-11-17', 1007),
(959, 100434, 2013130, '2018-07-19', '2018-07-22', 1004),
(960, 100638, 2013127, '2018-10-12', '2018-10-15', 1006),
(961, 100166, 2013139, '2019-06-13', '2019-06-16', 1004),
(962, 100088, 2013062, '2018-05-27', '2018-05-30', 1004),
(963, 100049, 2013182, '2019-12-04', '2019-12-07', 1007),
(964, 100037, 2013033, '2020-02-08', '2020-02-11', 1009),
(965, 100352, 2013158, '2019-08-10', '2019-08-13', 1009),
(966, 100271, 2013026, '2019-02-03', '2019-02-06', 1010),
(967, 100287, 2013086, '2019-05-28', '2019-05-31', 1006),
(968, 100386, 2013132, '2018-08-12', '2018-08-15', 1006),
(969, 100354, 2013149, '2018-12-18', '2018-12-21', 1007),
(970, 100372, 2013165, '2018-01-19', '2018-01-22', 1003),
(971, 100525, 2013096, '2019-05-13', '2019-05-16', 1010),
(972, 100393, 2013181, '2018-07-02', '2018-07-05', 1006),
(973, 100647, 2013104, '2019-08-11', '2019-08-14', 1005),
(974, 100503, 2013152, '2018-12-31', '2019-01-03', 1004),
(975, 100042, 2013198, '2018-02-11', '2018-02-14', 1001),
(976, 100336, 2013021, '2018-03-02', '2018-03-05', 1002),
(977, 100628, 2013016, '2019-06-17', '2019-06-20', 1010),
(978, 100404, 2013154, '2018-01-28', '2018-01-31', 1006),
(979, 100285, 2013075, '2019-01-16', '2019-01-19', 1005),
(980, 100366, 2013015, '2019-08-09', '2019-08-12', 1002),
(981, 100103, 2013091, '2018-11-22', '2018-11-25', 1005),
(982, 100678, 2013053, '2019-12-29', '2020-01-01', 1003),
(983, 100243, 2013152, '2018-08-24', '2018-08-27', 1005),
(984, 100699, 2013147, '2018-11-08', '2018-11-11', 1003),
(985, 100674, 2013046, '2019-06-17', '2019-06-20', 1008),
(986, 100336, 2013160, '2019-06-30', '2019-07-03', 1008),
(987, 100226, 2013017, '2018-04-25', '2018-04-28', 1005),
(988, 100305, 2013149, '2018-02-03', '2018-02-06', 1007),
(989, 100603, 2013100, '2019-07-04', '2019-07-07', 1003),
(990, 100296, 2013087, '2019-02-23', '2019-02-26', 1007),
(991, 100520, 2013182, '2020-01-20', '2020-01-23', 1008),
(992, 100268, 2013109, '2019-11-07', '2019-11-10', 1001),
(993, 100559, 2013049, '2018-07-30', '2018-08-02', 1004),
(994, 100035, 2013094, '2018-10-11', '2018-10-14', 1003),
(995, 100644, 2013193, '2019-02-28', '2019-03-03', 1006),
(996, 100495, 2013049, '2018-04-21', '2018-04-24', 1009),
(997, 100067, 2013145, '2019-09-10', '2019-09-13', 1006),
(998, 100048, 2013186, '2019-04-07', '2019-04-10', 1002),
(999, 100166, 2013054, '2019-01-17', '2019-01-20', 1007),
(1000, 100467, 2013037, '2018-04-01', '2018-04-04', 1008),
(1001, 100502, 2013181, '2019-09-05', '2019-09-08', 1005),
(1002, 100605, 2013056, '2018-07-24', '2018-07-27', 1007),
(1003, 100051, 2013088, '2019-08-08', '2019-08-11', 1009),
(1004, 100042, 2013169, '2019-08-30', '2019-09-02', 1007),
(1005, 100063, 2013018, '2018-05-13', '2018-05-16', 1004),
(1006, 100291, 2013052, '2018-05-19', '2018-05-22', 1007),
(1007, 100174, 2013010, '2019-01-01', '2019-01-04', 1005),
(1008, 100643, 2013159, '2018-03-19', '2018-03-22', 1006),
(1009, 100101, 2013170, '2018-09-15', '2018-09-18', 1008),
(1010, 100183, 2013197, '2019-12-12', '2019-12-15', 1009),
(1011, 100261, 2013028, '2020-01-05', '2020-01-08', 1005),
(1012, 100104, 2013009, '2018-07-14', '2018-07-17', 1007),
(1013, 100361, 2013149, '2018-12-18', '2018-12-21', 1002),
(1014, 100006, 2013181, '2018-12-06', '2018-12-09', 1010),
(1015, 100421, 2013188, '2019-08-24', '2019-08-27', 1004),
(1016, 100474, 2013069, '2018-01-14', '2018-01-17', 1006),
(1017, 100666, 2013119, '2018-08-24', '2018-08-27', 1009),
(1018, 100591, 2013092, '2018-10-22', '2018-10-25', 1005),
(1019, 100508, 2013040, '2018-11-19', '2018-11-22', 1006),
(1020, 100459, 2013090, '2019-06-09', '2019-06-12', 1009),
(1021, 100640, 2013156, '2018-10-22', '2018-10-25', 1006),
(1022, 100037, 2013104, '2019-12-22', '2019-12-25', 1006),
(1023, 100375, 2013161, '2018-08-21', '2018-08-24', 1003),
(1024, 100658, 2013137, '2018-01-02', '2018-01-05', 1009),
(1025, 100668, 2013175, '2018-05-03', '2018-05-06', 1004),
(1026, 100308, 2013015, '2019-06-24', '2019-06-27', 1007),
(1027, 100331, 2013046, '2019-11-08', '2019-11-11', 1006),
(1028, 100029, 2013146, '2018-02-08', '2018-02-11', 1004),
(1029, 100661, 2013083, '2018-06-29', '2018-07-02', 1003),
(1030, 100679, 2013134, '2020-02-13', '2020-02-16', 1004),
(1031, 100230, 2013038, '2019-05-05', '2019-05-08', 1005),
(1032, 100657, 2013044, '2020-01-16', '2020-01-19', 1008),
(1033, 100682, 2013182, '2019-06-07', '2019-06-10', 1002),
(1034, 100415, 2013021, '2018-05-22', '2018-05-25', 1010),
(1035, 100539, 2013180, '2019-05-17', '2019-05-20', 1009),
(1036, 100399, 2013043, '2018-04-05', '2018-04-08', 1010),
(1037, 100335, 2013068, '2018-03-29', '2018-04-01', 1002),
(1038, 100296, 2013083, '2019-12-03', '2019-12-06', 1009),
(1039, 100258, 2013020, '2020-02-01', '2020-02-04', 1009),
(1040, 100263, 2013052, '2019-09-16', '2019-09-19', 1009),
(1041, 100506, 2013085, '2018-03-07', '2018-03-10', 1006),
(1042, 100651, 2013066, '2018-08-18', '2018-08-21', 1001),
(1043, 100080, 2013173, '2018-09-25', '2018-09-28', 1008),
(1044, 100138, 2013112, '2019-04-18', '2019-04-21', 1004),
(1045, 100082, 2013120, '2020-02-21', '2020-02-24', 1010),
(1046, 100436, 2013145, '2019-11-16', '2019-11-19', 1004),
(1047, 100585, 2013182, '2019-10-23', '2019-10-26', 1006),
(1048, 100360, 2013171, '2018-10-28', '2018-10-31', 1002),
(1049, 100395, 2013010, '2018-07-14', '2018-07-17', 1002),
(1050, 100522, 2013168, '2020-01-05', '2020-01-08', 1009),
(1051, 100067, 2013170, '2018-04-08', '2018-04-11', 1006),
(1052, 100410, 2013025, '2020-02-06', '2020-02-09', 1005),
(1053, 100232, 2013115, '2018-09-03', '2018-09-06', 1003),
(1054, 100301, 2013061, '2018-12-02', '2018-12-05', 1009),
(1055, 100603, 2013030, '2018-06-28', '2018-07-01', 1009),
(1056, 100145, 2013094, '2019-02-08', '2019-02-11', 1006),
(1057, 100357, 2013010, '2019-07-21', '2019-07-24', 1003),
(1058, 100006, 2013060, '2019-01-15', '2019-01-18', 1005),
(1059, 100167, 2013180, '2019-06-17', '2019-06-20', 1003),
(1060, 100385, 2013067, '2019-09-16', '2019-09-19', 1005),
(1061, 100139, 2013080, '2018-05-21', '2018-05-24', 1004),
(1062, 100582, 2013073, '2019-11-24', '2019-11-27', 1009),
(1063, 100698, 2013088, '2019-05-30', '2019-06-02', 1002),
(1064, 100213, 2013016, '2019-12-21', '2019-12-24', 1008),
(1065, 100082, 2013093, '2019-11-29', '2019-12-02', 1005),
(1066, 100319, 2013025, '2018-04-17', '2018-04-20', 1008),
(1067, 100675, 2013020, '2020-02-24', '2020-02-27', 1004),
(1068, 100458, 2013160, '2019-07-30', '2019-08-02', 1006),
(1069, 100129, 2013189, '2019-02-20', '2019-02-23', 1009),
(1070, 100298, 2013076, '2019-07-01', '2019-07-04', 1005),
(1071, 100257, 2013086, '2019-11-25', '2019-11-28', 1004),
(1072, 100561, 2013146, '2018-10-26', '2018-10-29', 1008),
(1073, 100297, 2013006, '2019-09-13', '2019-09-16', 1001),
(1074, 100499, 2013126, '2018-09-15', '2018-09-18', 1004),
(1075, 100342, 2013048, '2018-07-24', '2018-07-27', 1004),
(1076, 100637, 2013056, '2018-10-22', '2018-10-25', 1002),
(1077, 100462, 2013144, '2020-01-20', '2020-01-23', 1001),
(1078, 100103, 2013178, '2018-05-03', '2018-05-06', 1009),
(1079, 100230, 2013009, '2018-04-16', '2018-04-19', 1008),
(1080, 100094, 2013005, '2020-02-10', '2020-02-13', 1003),
(1081, 100232, 2013121, '2019-03-18', '2019-03-21', 1007),
(1082, 100661, 2013100, '2018-07-06', '2018-07-09', 1007),
(1083, 100281, 2013144, '2019-04-28', '2019-05-01', 1002),
(1084, 100199, 2013018, '2019-08-02', '2019-08-05', 1003),
(1085, 100127, 2013154, '2018-12-27', '2018-12-30', 1003),
(1086, 100269, 2013194, '2019-08-18', '2019-08-21', 1009),
(1087, 100690, 2013167, '2019-11-22', '2019-11-25', 1001),
(1088, 100374, 2013051, '2020-01-16', '2020-01-19', 1008),
(1089, 100481, 2013146, '2020-01-26', '2020-01-29', 1005),
(1090, 100363, 2013172, '2018-12-18', '2018-12-21', 1009),
(1091, 100289, 2013128, '2019-09-27', '2019-09-30', 1008),
(1092, 100366, 2013006, '2018-09-25', '2018-09-28', 1010),
(1093, 100279, 2013117, '2018-03-01', '2018-03-04', 1009),
(1094, 100639, 2013173, '2018-02-14', '2018-02-17', 1006),
(1095, 100333, 2013025, '2018-08-06', '2018-08-09', 1005),
(1096, 100320, 2013058, '2019-01-28', '2019-01-31', 1002),
(1097, 100031, 2013079, '2019-08-05', '2019-08-08', 1009),
(1098, 100396, 2013179, '2019-08-06', '2019-08-09', 1003),
(1099, 100686, 2013058, '2018-11-24', '2018-11-27', 1009),
(1100, 100565, 2013005, '2019-12-22', '2019-12-25', 1006),
(1101, 100582, 2013128, '2019-05-18', '2019-05-21', 1007),
(1102, 100568, 2013014, '2019-09-12', '2019-09-15', 1005),
(1103, 100562, 2013104, '2018-01-08', '2018-01-11', 1007),
(1104, 100150, 2013112, '2018-11-04', '2018-11-07', 1007),
(1105, 100682, 2013141, '2018-05-09', '2018-05-12', 1008),
(1106, 100258, 2013079, '2018-02-04', '2018-02-07', 1004),
(1107, 100671, 2013058, '2018-10-27', '2018-10-30', 1007),
(1108, 100382, 2013073, '2019-08-06', '2019-08-09', 1007),
(1109, 100665, 2013111, '2018-04-08', '2018-04-11', 1004),
(1110, 100256, 2013155, '2019-12-27', '2019-12-30', 1009),
(1111, 100265, 2013019, '2018-02-08', '2018-02-11', 1007),
(1112, 100116, 2013115, '2019-06-29', '2019-07-02', 1004),
(1113, 100048, 2013141, '2018-10-06', '2018-10-09', 1001),
(1114, 100593, 2013194, '2019-09-13', '2019-09-16', 1007),
(1115, 100584, 2013134, '2019-09-09', '2019-09-12', 1007),
(1116, 100615, 2013047, '2019-12-29', '2020-01-01', 1006),
(1117, 100134, 2013144, '2019-08-18', '2019-08-21', 1009),
(1118, 100397, 2013111, '2019-03-22', '2019-03-25', 1002),
(1119, 100477, 2013096, '2019-02-19', '2019-02-22', 1004),
(1120, 100186, 2013059, '2018-09-02', '2018-09-05', 1007),
(1121, 100262, 2013036, '2019-05-06', '2019-05-09', 1003),
(1122, 100057, 2013111, '2018-05-10', '2018-05-13', 1003),
(1123, 100533, 2013178, '2018-06-09', '2018-06-12', 1001),
(1124, 100549, 2013182, '2019-12-21', '2019-12-24', 1008),
(1125, 100690, 2013082, '2019-12-23', '2019-12-26', 1004),
(1126, 100092, 2013056, '2020-01-21', '2020-01-24', 1008),
(1127, 100697, 2013094, '2018-11-29', '2018-12-02', 1007),
(1128, 100578, 2013130, '2018-12-10', '2018-12-13', 1010),
(1129, 100144, 2013185, '2019-01-04', '2019-01-07', 1009),
(1130, 100377, 2013196, '2018-12-06', '2018-12-09', 1005),
(1131, 100525, 2013183, '2019-10-13', '2019-10-16', 1002),
(1132, 100456, 2013093, '2019-01-13', '2019-01-16', 1004),
(1133, 100069, 2013030, '2019-11-17', '2019-11-20', 1008),
(1134, 100572, 2013112, '2018-11-22', '2018-11-25', 1001),
(1135, 100449, 2013135, '2019-01-28', '2019-01-31', 1002),
(1136, 100632, 2013118, '2018-06-05', '2018-06-08', 1008),
(1137, 100228, 2013133, '2018-11-10', '2018-11-13', 1006),
(1138, 100522, 2013030, '2019-01-24', '2019-01-27', 1008),
(1139, 100277, 2013180, '2020-01-29', '2020-02-01', 1002),
(1140, 100590, 2013039, '2018-03-24', '2018-03-27', 1004),
(1141, 100519, 2013062, '2018-12-19', '2018-12-22', 1004),
(1142, 100693, 2013081, '2019-04-26', '2019-04-29', 1004),
(1143, 100190, 2013129, '2019-08-03', '2019-08-06', 1005),
(1144, 100608, 2013184, '2018-10-25', '2018-10-28', 1007),
(1145, 100282, 2013144, '2018-10-22', '2018-10-25', 1007),
(1146, 100286, 2013035, '2019-02-20', '2019-02-23', 1002),
(1147, 100577, 2013088, '2019-02-03', '2019-02-06', 1006),
(1148, 100407, 2013148, '2018-03-08', '2018-03-11', 1005),
(1149, 100465, 2013092, '2018-04-19', '2018-04-22', 1008),
(1150, 100306, 2013148, '2018-11-23', '2018-11-26', 1010),
(1151, 100618, 2013068, '2020-02-19', '2020-02-22', 1010),
(1152, 100240, 2013077, '2019-06-25', '2019-06-28', 1001),
(1153, 100223, 2013083, '2018-08-06', '2018-08-09', 1004),
(1154, 100180, 2013094, '2018-05-24', '2018-05-27', 1006),
(1155, 100004, 2013086, '2018-12-16', '2018-12-19', 1003),
(1156, 100651, 2013012, '2018-05-23', '2018-05-26', 1007),
(1157, 100600, 2013042, '2019-05-06', '2019-05-09', 1003),
(1158, 100169, 2013084, '2018-10-05', '2018-10-08', 1006),
(1159, 100541, 2013067, '2018-11-20', '2018-11-23', 1006),
(1160, 100548, 2013133, '2019-03-17', '2019-03-20', 1006),
(1161, 100566, 2013080, '2019-04-16', '2019-04-19', 1003),
(1162, 100166, 2013140, '2019-10-11', '2019-10-14', 1010),
(1163, 100106, 2013152, '2019-03-30', '2019-04-02', 1002),
(1164, 100031, 2013110, '2018-07-28', '2018-07-31', 1010),
(1165, 100230, 2013046, '2019-12-30', '2020-01-02', 1007),
(1166, 100292, 2013021, '2018-06-14', '2018-06-17', 1010),
(1167, 100674, 2013145, '2019-09-11', '2019-09-14', 1004),
(1168, 100242, 2013034, '2018-06-21', '2018-06-24', 1003),
(1169, 100540, 2013193, '2020-02-03', '2020-02-06', 1008),
(1170, 100374, 2013110, '2019-06-18', '2019-06-21', 1001),
(1171, 100192, 2013193, '2020-02-20', '2020-02-23', 1010),
(1172, 100011, 2013091, '2019-01-19', '2019-01-22', 1002),
(1173, 100429, 2013125, '2019-05-07', '2019-05-10', 1005),
(1174, 100168, 2013029, '2018-02-09', '2018-02-12', 1009),
(1175, 100433, 2013009, '2020-01-02', '2020-01-05', 1007),
(1176, 100355, 2013140, '2019-12-28', '2019-12-31', 1008),
(1177, 100014, 2013184, '2019-10-28', '2019-10-31', 1003),
(1178, 100563, 2013007, '2018-10-02', '2018-10-05', 1008),
(1179, 100608, 2013176, '2018-03-27', '2018-03-30', 1002),
(1180, 100498, 2013122, '2018-08-25', '2018-08-28', 1009),
(1181, 100068, 2013021, '2018-09-15', '2018-09-18', 1004),
(1182, 100104, 2013024, '2018-03-01', '2018-03-04', 1007),
(1183, 100102, 2013043, '2018-03-03', '2018-03-06', 1002),
(1184, 100621, 2013163, '2019-07-31', '2019-08-03', 1004),
(1185, 100685, 2013046, '2018-02-17', '2018-02-20', 1002),
(1186, 100107, 2013077, '2018-09-09', '2018-09-12', 1010),
(1187, 100478, 2013066, '2019-08-13', '2019-08-16', 1001),
(1188, 100479, 2013195, '2019-01-17', '2019-01-20', 1009),
(1189, 100698, 2013008, '2019-09-09', '2019-09-12', 1002),
(1190, 100229, 2013061, '2018-08-26', '2018-08-29', 1007),
(1191, 100215, 2013061, '2018-12-16', '2018-12-19', 1003),
(1192, 100106, 2013066, '2018-05-01', '2018-05-04', 1009),
(1193, 100692, 2013142, '2018-03-07', '2018-03-10', 1002),
(1194, 100537, 2013187, '2019-09-04', '2019-09-07', 1004),
(1195, 100591, 2013082, '2019-08-16', '2019-08-19', 1003),
(1196, 100034, 2013190, '2019-03-04', '2019-03-07', 1004),
(1197, 100221, 2013106, '2019-04-14', '2019-04-17', 1007),
(1198, 100300, 2013079, '2018-07-15', '2018-07-18', 1002),
(1199, 100269, 2013193, '2019-03-30', '2019-04-02', 1005),
(1200, 100676, 2013199, '2020-02-20', '2020-02-23', 1005),
(1201, 100248, 2013175, '2020-02-13', '2020-02-16', 1009),
(1202, 100633, 2013188, '2018-01-09', '2018-01-12', 1003),
(1203, 100671, 2013009, '2019-11-08', '2019-11-11', 1010),
(1204, 100576, 2013045, '2019-08-15', '2019-08-18', 1009),
(1205, 100561, 2013157, '2018-11-26', '2018-11-29', 1008),
(1206, 100692, 2013097, '2019-01-22', '2019-01-25', 1002),
(1207, 100354, 2013085, '2018-01-24', '2018-01-27', 1008),
(1208, 100320, 2013132, '2018-05-24', '2018-05-27', 1002),
(1209, 100507, 2013083, '2018-05-03', '2018-05-06', 1009),
(1210, 100560, 2013071, '2019-12-27', '2019-12-30', 1006),
(1211, 100585, 2013115, '2019-05-09', '2019-05-12', 1005),
(1212, 100125, 2013010, '2019-07-18', '2019-07-21', 1004),
(1213, 100179, 2013114, '2018-05-05', '2018-05-08', 1003),
(1214, 100500, 2013011, '2019-05-25', '2019-05-28', 1009),
(1215, 100451, 2013166, '2019-11-23', '2019-11-26', 1006),
(1216, 100154, 2013085, '2020-01-20', '2020-01-23', 1002),
(1217, 100104, 2013162, '2019-11-30', '2019-12-03', 1007),
(1218, 100685, 2013178, '2019-07-25', '2019-07-28', 1004),
(1219, 100621, 2013189, '2018-08-02', '2018-08-05', 1007),
(1220, 100023, 2013065, '2019-09-13', '2019-09-16', 1005),
(1221, 100104, 2013121, '2018-06-18', '2018-06-21', 1008),
(1222, 100260, 2013114, '2019-04-18', '2019-04-21', 1007),
(1223, 100056, 2013196, '2019-10-16', '2019-10-19', 1004),
(1224, 100110, 2013074, '2018-09-29', '2018-10-02', 1005),
(1225, 100081, 2013065, '2019-02-05', '2019-02-08', 1004),
(1226, 100066, 2013016, '2018-02-02', '2018-02-05', 1007),
(1227, 100344, 2013060, '2018-11-14', '2018-11-17', 1009),
(1228, 100553, 2013039, '2019-12-07', '2019-12-10', 1006),
(1229, 100227, 2013181, '2020-02-14', '2020-02-17', 1007),
(1230, 100149, 2013004, '2019-08-31', '2019-09-03', 1006),
(1231, 100150, 2013177, '2018-04-08', '2018-04-11', 1004),
(1232, 100625, 2013059, '2019-07-30', '2019-08-02', 1006),
(1233, 100705, 2013198, '2020-02-24', '2020-02-27', 1006),
(1234, 100624, 2013164, '2018-01-01', '2018-01-04', 1008),
(1235, 100021, 2013200, '2018-04-15', '2018-04-18', 1006),
(1236, 100521, 2013077, '2018-09-08', '2018-09-11', 1004),
(1237, 100686, 2013195, '2018-01-19', '2018-01-22', 1006),
(1238, 100084, 2013064, '2019-10-09', '2019-10-12', 1009),
(1239, 100007, 2013055, '2020-01-16', '2020-01-19', 1006),
(1240, 100555, 2013138, '2019-04-11', '2019-04-14', 1004),
(1241, 100670, 2013079, '2018-08-23', '2018-08-26', 1009),
(1242, 100356, 2013064, '2018-06-25', '2018-06-28', 1007),
(1243, 100482, 2013032, '2019-05-15', '2019-05-18', 1006),
(1244, 100359, 2013177, '2019-04-16', '2019-04-19', 1010),
(1245, 100544, 2013095, '2018-03-30', '2018-04-02', 1010),
(1246, 100648, 2013038, '2018-09-20', '2018-09-23', 1005),
(1247, 100204, 2013103, '2019-07-18', '2019-07-21', 1010),
(1248, 100636, 2013035, '2018-08-31', '2018-09-03', 1007),
(1249, 100143, 2013014, '2019-08-31', '2019-09-03', 1001),
(1250, 100192, 2013166, '2019-05-11', '2019-05-14', 1006),
(1251, 100690, 2013108, '2019-04-02', '2019-04-05', 1010),
(1252, 100527, 2013026, '2019-06-08', '2019-06-11', 1006),
(1253, 100616, 2013020, '2019-08-14', '2019-08-17', 1002),
(1254, 100339, 2013083, '2019-05-04', '2019-05-07', 1005),
(1255, 100035, 2013098, '2018-01-11', '2018-01-14', 1001),
(1256, 100490, 2013157, '2018-12-29', '2019-01-01', 1002),
(1257, 100281, 2013045, '2018-08-21', '2018-08-24', 1006),
(1258, 100012, 2013159, '2019-07-07', '2019-07-10', 1001),
(1259, 100324, 2013005, '2018-05-03', '2018-05-06', 1007),
(1260, 100062, 2013026, '2018-08-23', '2018-08-26', 1001),
(1261, 100212, 2013139, '2018-06-03', '2018-06-06', 1009),
(1262, 100704, 2013155, '2018-07-02', '2018-07-05', 1009),
(1263, 100412, 2013031, '2019-09-02', '2019-09-05', 1002),
(1264, 100425, 2013091, '2018-05-11', '2018-05-14', 1008),
(1265, 100506, 2013162, '2019-05-15', '2019-05-18', 1008),
(1266, 100361, 2013105, '2019-01-03', '2019-01-06', 1001),
(1267, 100574, 2013042, '2019-04-08', '2019-04-11', 1003),
(1268, 100564, 2013183, '2018-12-12', '2018-12-15', 1010),
(1269, 100445, 2013155, '2018-09-25', '2018-09-28', 1007),
(1270, 100697, 2013037, '2020-01-10', '2020-01-13', 1004),
(1271, 100211, 2013124, '2019-12-10', '2019-12-13', 1010),
(1272, 100592, 2013169, '2020-01-21', '2020-01-24', 1007),
(1273, 100313, 2013167, '2018-01-01', '2018-01-04', 1008),
(1274, 100368, 2013074, '2019-02-13', '2019-02-16', 1003),
(1275, 100238, 2013011, '2018-02-28', '2018-03-03', 1005),
(1276, 100029, 2013014, '2019-04-02', '2019-04-05', 1005),
(1277, 100388, 2013169, '2019-10-29', '2019-11-01', 1003),
(1278, 100374, 2013038, '2019-01-01', '2019-01-04', 1010),
(1279, 100076, 2013063, '2019-04-08', '2019-04-11', 1004),
(1280, 100243, 2013026, '2019-01-03', '2019-01-06', 1004),
(1281, 100691, 2013164, '2018-07-02', '2018-07-05', 1005),
(1282, 100384, 2013161, '2018-03-18', '2018-03-21', 1008),
(1283, 100188, 2013167, '2018-01-17', '2018-01-20', 1008),
(1284, 100122, 2013088, '2018-11-09', '2018-11-12', 1004),
(1285, 100136, 2013174, '2019-08-27', '2019-08-30', 1009),
(1286, 100433, 2013187, '2018-02-10', '2018-02-13', 1001),
(1287, 100359, 2013135, '2018-02-11', '2018-02-14', 1002),
(1288, 100282, 2013111, '2018-10-14', '2018-10-17', 1007),
(1289, 100133, 2013101, '2019-09-29', '2019-10-02', 1003),
(1290, 100313, 2013166, '2020-02-18', '2020-02-21', 1003),
(1291, 100421, 2013119, '2019-04-18', '2019-04-21', 1004),
(1292, 100465, 2013160, '2019-03-01', '2019-03-04', 1005),
(1293, 100091, 2013082, '2018-06-08', '2018-06-11', 1006),
(1294, 100190, 2013163, '2018-04-11', '2018-04-14', 1002),
(1295, 100229, 2013018, '2019-05-19', '2019-05-22', 1005),
(1296, 100098, 2013119, '2018-01-24', '2018-01-27', 1004),
(1297, 100231, 2013158, '2018-05-15', '2018-05-18', 1003),
(1298, 100191, 2013054, '2019-08-07', '2019-08-10', 1008),
(1299, 100658, 2013200, '2018-05-10', '2018-05-13', 1009),
(1300, 100253, 2013180, '2019-01-17', '2019-01-20', 1002),
(1301, 100398, 2013053, '2020-01-06', '2020-01-09', 1007),
(1302, 100408, 2013131, '2018-02-09', '2018-02-12', 1006),
(1303, 100492, 2013169, '2018-08-21', '2018-08-24', 1004),
(1304, 100704, 2013052, '2019-03-22', '2019-03-25', 1004),
(1305, 100486, 2013148, '2019-10-03', '2019-10-06', 1005),
(1306, 100070, 2013189, '2018-12-19', '2018-12-22', 1005),
(1307, 100203, 2013087, '2019-11-26', '2019-11-29', 1004),
(1308, 100184, 2013075, '2019-04-11', '2019-04-14', 1002),
(1309, 100452, 2013027, '2018-08-23', '2018-08-26', 1004),
(1310, 100222, 2013068, '2019-10-31', '2019-11-03', 1008),
(1311, 100061, 2013074, '2018-11-21', '2018-11-24', 1004),
(1312, 100516, 2013182, '2019-06-02', '2019-06-05', 1002),
(1313, 100267, 2013058, '2020-02-03', '2020-02-06', 1001),
(1314, 100407, 2013057, '2019-05-04', '2019-05-07', 1003),
(1315, 100596, 2013077, '2018-04-08', '2018-04-11', 1007),
(1316, 100070, 2013116, '2019-04-08', '2019-04-11', 1010),
(1317, 100143, 2013106, '2019-04-30', '2019-05-03', 1002),
(1318, 100397, 2013139, '2018-03-30', '2018-04-02', 1006),
(1319, 100654, 2013054, '2018-12-10', '2018-12-13', 1005),
(1320, 100398, 2013189, '2018-01-16', '2018-01-19', 1001),
(1321, 100695, 2013172, '2019-11-17', '2019-11-20', 1002),
(1322, 100127, 2013050, '2018-09-18', '2018-09-21', 1004),
(1323, 100620, 2013012, '2019-08-14', '2019-08-17', 1007),
(1324, 100666, 2013173, '2018-12-04', '2018-12-07', 1010),
(1325, 100466, 2013052, '2018-06-22', '2018-06-25', 1001),
(1326, 100574, 2013139, '2019-03-20', '2019-03-23', 1006),
(1327, 100105, 2013038, '2019-04-16', '2019-04-19', 1003),
(1328, 100590, 2013069, '2018-08-07', '2018-08-10', 1005),
(1329, 100600, 2013101, '2018-12-23', '2018-12-26', 1004),
(1330, 100497, 2013156, '2018-05-21', '2018-05-24', 1010),
(1331, 100489, 2013149, '2018-04-18', '2018-04-21', 1007),
(1332, 100058, 2013148, '2018-09-12', '2018-09-15', 1006),
(1333, 100529, 2013173, '2019-02-06', '2019-02-09', 1007),
(1334, 100003, 2013155, '2020-01-26', '2020-01-29', 1003),
(1335, 100190, 2013040, '2019-06-09', '2019-06-12', 1008),
(1336, 100449, 2013028, '2019-08-21', '2019-08-24', 1003),
(1337, 100392, 2013149, '2019-08-05', '2019-08-08', 1004),
(1338, 100339, 2013065, '2019-05-14', '2019-05-17', 1005),
(1339, 100376, 2013195, '2018-09-14', '2018-09-17', 1010),
(1340, 100571, 2013195, '2018-02-21', '2018-02-24', 1005),
(1341, 100249, 2013021, '2019-08-14', '2019-08-17', 1006),
(1342, 100366, 2013014, '2019-08-01', '2019-08-04', 1005),
(1343, 100582, 2013161, '2018-06-13', '2018-06-16', 1007),
(1344, 100121, 2013126, '2019-06-17', '2019-06-20', 1007),
(1345, 100122, 2013163, '2019-10-14', '2019-10-17', 1003),
(1346, 100014, 2013178, '2019-10-15', '2019-10-18', 1009),
(1347, 100236, 2013167, '2018-05-12', '2018-05-15', 1002),
(1348, 100649, 2013052, '2018-11-16', '2018-11-19', 1006),
(1349, 100063, 2013032, '2018-06-26', '2018-06-29', 1002),
(1350, 100628, 2013152, '2020-02-11', '2020-02-14', 1006),
(1351, 100125, 2013030, '2019-03-17', '2019-03-20', 1009),
(1352, 100417, 2013174, '2018-06-24', '2018-06-27', 1001),
(1353, 100533, 2013051, '2019-12-11', '2019-12-14', 1009),
(1354, 100649, 2013140, '2018-09-13', '2018-09-16', 1007),
(1355, 100566, 2013056, '2019-05-17', '2019-05-20', 1004),
(1356, 100211, 2013089, '2019-06-05', '2019-06-08', 1009),
(1357, 100553, 2013006, '2018-04-01', '2018-04-04', 1008),
(1358, 100454, 2013035, '2019-08-16', '2019-08-19', 1003),
(1359, 100533, 2013110, '2018-10-24', '2018-10-27', 1004),
(1360, 100222, 2013100, '2018-12-27', '2018-12-30', 1004),
(1361, 100584, 2013018, '2019-07-01', '2019-07-04', 1002),
(1362, 100369, 2013041, '2018-07-30', '2018-08-02', 1006),
(1363, 100403, 2013193, '2019-12-16', '2019-12-19', 1008),
(1364, 100624, 2013183, '2018-01-24', '2018-01-27', 1005),
(1365, 100107, 2013118, '2019-06-01', '2019-06-04', 1006),
(1366, 100548, 2013146, '2020-02-24', '2020-02-27', 1002),
(1367, 100013, 2013109, '2019-09-13', '2019-09-16', 1003),
(1368, 100603, 2013128, '2018-04-17', '2018-04-20', 1007),
(1369, 100044, 2013154, '2019-01-18', '2019-01-21', 1010),
(1370, 100665, 2013004, '2019-11-06', '2019-11-09', 1004),
(1371, 100004, 2013063, '2019-06-03', '2019-06-06', 1007),
(1372, 100359, 2013095, '2019-02-22', '2019-02-25', 1008),
(1373, 100094, 2013061, '2018-07-17', '2018-07-20', 1004),
(1374, 100582, 2013056, '2019-05-23', '2019-05-26', 1010),
(1375, 100132, 2013013, '2018-11-04', '2018-11-07', 1007),
(1376, 100083, 2013166, '2018-08-12', '2018-08-15', 1008),
(1377, 100382, 2013188, '2019-02-07', '2019-02-10', 1005),
(1378, 100165, 2013044, '2019-03-24', '2019-03-27', 1009),
(1379, 100399, 2013180, '2018-12-22', '2018-12-25', 1002),
(1380, 100444, 2013183, '2019-10-19', '2019-10-22', 1010),
(1381, 100297, 2013097, '2019-10-01', '2019-10-04', 1009),
(1382, 100129, 2013158, '2019-12-14', '2019-12-17', 1004),
(1383, 100322, 2013195, '2019-07-31', '2019-08-03', 1004),
(1384, 100534, 2013050, '2019-02-04', '2019-02-07', 1001),
(1385, 100492, 2013009, '2019-06-14', '2019-06-17', 1001),
(1386, 100218, 2013128, '2020-02-08', '2020-02-11', 1006),
(1387, 100087, 2013161, '2018-02-07', '2018-02-10', 1007),
(1388, 100417, 2013191, '2018-02-12', '2018-02-15', 1005),
(1389, 100059, 2013015, '2018-03-10', '2018-03-13', 1009),
(1390, 100552, 2013153, '2019-07-07', '2019-07-10', 1009),
(1391, 100371, 2013090, '2019-11-06', '2019-11-09', 1002),
(1392, 100634, 2013140, '2019-07-06', '2019-07-09', 1008),
(1393, 100187, 2013085, '2019-04-23', '2019-04-26', 1005),
(1394, 100057, 2013030, '2019-01-21', '2019-01-24', 1005),
(1395, 100182, 2013032, '2019-03-08', '2019-03-11', 1007),
(1396, 100014, 2013111, '2018-12-28', '2018-12-31', 1001),
(1397, 100380, 2013138, '2019-04-29', '2019-05-02', 1004),
(1398, 100560, 2013066, '2018-05-24', '2018-05-27', 1008),
(1399, 100576, 2013024, '2018-06-03', '2018-06-06', 1009),
(1400, 100622, 2013134, '2019-01-11', '2019-01-14', 1001),
(1401, 100255, 2013078, '2018-08-22', '2018-08-25', 1010),
(1402, 100594, 2013092, '2018-04-12', '2018-04-15', 1006),
(1403, 100288, 2013084, '2019-03-16', '2019-03-19', 1006),
(1404, 100368, 2013172, '2019-03-24', '2019-03-27', 1006),
(1405, 100614, 2013094, '2018-12-22', '2018-12-25', 1009),
(1406, 100074, 2013123, '2018-07-26', '2018-07-29', 1003),
(1407, 100468, 2013037, '2019-09-25', '2019-09-28', 1004),
(1408, 100596, 2013039, '2020-02-26', '2020-02-29', 1008),
(1409, 100213, 2013121, '2019-02-13', '2019-02-16', 1006),
(1410, 100532, 2013169, '2019-05-21', '2019-05-24', 1004),
(1411, 100122, 2013194, '2019-09-13', '2019-09-16', 1006),
(1412, 100699, 2013094, '2019-07-03', '2019-07-06', 1003),
(1413, 100312, 2013026, '2020-01-09', '2020-01-12', 1009),
(1414, 100498, 2013125, '2018-03-29', '2018-04-01', 1005),
(1415, 100080, 2013155, '2018-04-30', '2018-05-03', 1009),
(1416, 100110, 2013166, '2018-01-14', '2018-01-17', 1002),
(1417, 100486, 2013161, '2018-07-21', '2018-07-24', 1003),
(1418, 100368, 2013100, '2019-01-04', '2019-01-07', 1004),
(1419, 100084, 2013075, '2018-11-07', '2018-11-10', 1002),
(1420, 100663, 2013057, '2018-10-01', '2018-10-04', 1004),
(1421, 100476, 2013111, '2018-11-22', '2018-11-25', 1010),
(1422, 100554, 2013106, '2019-12-22', '2019-12-25', 1005),
(1423, 100073, 2013030, '2018-12-24', '2018-12-27', 1005),
(1424, 100509, 2013050, '2019-01-30', '2019-02-02', 1002),
(1425, 100242, 2013186, '2019-10-31', '2019-11-03', 1008),
(1426, 100157, 2013047, '2019-09-20', '2019-09-23', 1002),
(1427, 100362, 2013010, '2018-08-11', '2018-08-14', 1001),
(1428, 100576, 2013168, '2019-04-16', '2019-04-19', 1008),
(1429, 100613, 2013052, '2019-01-14', '2019-01-17', 1008),
(1430, 100685, 2013124, '2018-01-12', '2018-01-15', 1007),
(1431, 100296, 2013073, '2018-01-10', '2018-01-13', 1004),
(1432, 100621, 2013033, '2018-10-05', '2018-10-08', 1001),
(1433, 100229, 2013051, '2018-03-17', '2018-03-20', 1009),
(1434, 100641, 2013165, '2019-09-16', '2019-09-19', 1005),
(1435, 100186, 2013075, '2018-12-02', '2018-12-05', 1001),
(1436, 100282, 2013131, '2019-07-08', '2019-07-11', 1005),
(1437, 100612, 2013005, '2018-12-08', '2018-12-11', 1009),
(1438, 100140, 2013123, '2018-02-11', '2018-02-14', 1003),
(1439, 100471, 2013115, '2018-08-21', '2018-08-24', 1009),
(1440, 100019, 2013064, '2019-03-05', '2019-03-08', 1010),
(1441, 100167, 2013017, '2018-01-07', '2018-01-10', 1007),
(1442, 100227, 2013016, '2018-09-15', '2018-09-18', 1007),
(1443, 100395, 2013077, '2018-08-25', '2018-08-28', 1001),
(1444, 100512, 2013109, '2018-04-26', '2018-04-29', 1003),
(1445, 100210, 2013179, '2019-01-29', '2019-02-01', 1006),
(1446, 100118, 2013038, '2019-10-30', '2019-11-02', 1006),
(1447, 100680, 2013066, '2020-01-30', '2020-02-02', 1002),
(1448, 100249, 2013186, '2018-08-21', '2018-08-24', 1008),
(1449, 100290, 2013070, '2018-06-19', '2018-06-22', 1003),
(1450, 100221, 2013181, '2019-06-24', '2019-06-27', 1002),
(1451, 100294, 2013183, '2019-11-01', '2019-11-04', 1001),
(1452, 100068, 2013007, '2018-04-15', '2018-04-18', 1002),
(1453, 100434, 2013072, '2018-12-22', '2018-12-25', 1003),
(1454, 100030, 2013064, '2019-03-28', '2019-03-31', 1003),
(1455, 100270, 2013007, '2018-03-30', '2018-04-02', 1008),
(1456, 100161, 2013177, '2018-07-10', '2018-07-13', 1004),
(1457, 100098, 2013071, '2018-07-06', '2018-07-09', 1002),
(1458, 100309, 2013037, '2018-11-16', '2018-11-19', 1007),
(1459, 100454, 2013144, '2018-08-18', '2018-08-21', 1006),
(1460, 100688, 2013144, '2020-01-04', '2020-01-07', 1001),
(1461, 100471, 2013093, '2019-06-04', '2019-06-07', 1010),
(1462, 100209, 2013189, '2019-03-28', '2019-03-31', 1007),
(1463, 100256, 2013042, '2019-10-10', '2019-10-13', 1009),
(1464, 100012, 2013154, '2019-10-30', '2019-11-02', 1006),
(1465, 100448, 2013043, '2019-03-23', '2019-03-26', 1007),
(1466, 100144, 2013155, '2018-09-01', '2018-09-04', 1004),
(1467, 100414, 2013184, '2019-10-13', '2019-10-16', 1007),
(1468, 100408, 2013119, '2018-05-10', '2018-05-13', 1005),
(1469, 100597, 2013177, '2018-02-03', '2018-02-06', 1008),
(1470, 100365, 2013154, '2019-12-15', '2019-12-18', 1005),
(1471, 100597, 2013006, '2020-02-08', '2020-02-11', 1003),
(1472, 100701, 2013163, '2020-01-20', '2020-01-23', 1006),
(1473, 100264, 2013136, '2018-05-14', '2018-05-17', 1007),
(1474, 100627, 2013017, '2018-08-15', '2018-08-18', 1006),
(1475, 100246, 2013038, '2019-10-15', '2019-10-18', 1008),
(1476, 100456, 2013017, '2019-06-30', '2019-07-03', 1010),
(1477, 100486, 2013157, '2019-06-28', '2019-07-01', 1005),
(1478, 100484, 2013064, '2020-01-03', '2020-01-06', 1008),
(1479, 100040, 2013195, '2019-04-06', '2019-04-09', 1005),
(1480, 100490, 2013052, '2018-10-11', '2018-10-14', 1009),
(1481, 100497, 2013051, '2019-08-27', '2019-08-30', 1002),
(1482, 100468, 2013111, '2018-12-06', '2018-12-09', 1003),
(1483, 100598, 2013012, '2019-07-20', '2019-07-23', 1004),
(1484, 100415, 2013039, '2019-11-12', '2019-11-15', 1010),
(1485, 100670, 2013058, '2018-11-30', '2018-12-03', 1001),
(1486, 100337, 2013094, '2018-01-18', '2018-01-21', 1006),
(1487, 100106, 2013140, '2018-06-22', '2018-06-25', 1006),
(1488, 100319, 2013074, '2019-06-18', '2019-06-21', 1010),
(1489, 100017, 2013186, '2020-01-23', '2020-01-26', 1001),
(1490, 100020, 2013084, '2018-09-13', '2018-09-16', 1001),
(1491, 100334, 2013200, '2018-09-13', '2018-09-16', 1001),
(1492, 100393, 2013101, '2019-12-31', '2020-01-03', 1007),
(1493, 100436, 2013040, '2018-10-14', '2018-10-17', 1006),
(1494, 100692, 2013068, '2018-01-08', '2018-01-11', 1005),
(1495, 100203, 2013162, '2018-08-30', '2018-09-02', 1006),
(1496, 100517, 2013045, '2018-11-13', '2018-11-16', 1002),
(1497, 100249, 2013081, '2018-08-11', '2018-08-14', 1005),
(1498, 100159, 2013193, '2018-06-27', '2018-06-30', 1008),
(1499, 100195, 2013108, '2018-10-19', '2018-10-22', 1008),
(1500, 100410, 2013007, '2019-01-10', '2019-01-13', 1004),
(1501, 100539, 2013086, '2019-08-13', '2019-08-16', 1002),
(1502, 100664, 2013057, '2018-06-19', '2018-06-22', 1004),
(1503, 100091, 2013080, '2018-11-12', '2018-11-15', 1009),
(1504, 100371, 2013027, '2019-10-27', '2019-10-30', 1010),
(1505, 100363, 2013150, '2019-11-27', '2019-11-30', 1004),
(1506, 100030, 2013156, '2018-08-20', '2018-08-23', 1005),
(1507, 100704, 2013019, '2018-02-10', '2018-02-13', 1008),
(1508, 100580, 2013125, '2019-04-25', '2019-04-28', 1007),
(1509, 100612, 2013016, '2018-12-26', '2018-12-29', 1005),
(1510, 100102, 2013112, '2019-10-02', '2019-10-05', 1005),
(1511, 100305, 2013064, '2018-04-24', '2018-04-27', 1003),
(1512, 100092, 2013059, '2018-02-24', '2018-02-27', 1003),
(1513, 100095, 2013141, '2019-10-21', '2019-10-24', 1007),
(1514, 100140, 2013106, '2020-01-10', '2020-01-13', 1007),
(1515, 100605, 2013083, '2018-11-26', '2018-11-29', 1002),
(1516, 100221, 2013105, '2020-02-05', '2020-02-08', 1004),
(1517, 100514, 2013054, '2018-05-19', '2018-05-22', 1003),
(1518, 100008, 2013014, '2019-12-19', '2019-12-22', 1003),
(1519, 100651, 2013151, '2020-02-14', '2020-02-17', 1008),
(1520, 100600, 2013105, '2019-08-06', '2019-08-09', 1003),
(1521, 100340, 2013108, '2019-01-12', '2019-01-15', 1002),
(1522, 100311, 2013032, '2018-05-26', '2018-05-29', 1008),
(1523, 100519, 2013100, '2019-09-24', '2019-09-27', 1010),
(1524, 100649, 2013059, '2019-03-21', '2019-03-24', 1009),
(1525, 100258, 2013150, '2019-12-28', '2019-12-31', 1007),
(1526, 100241, 2013136, '2018-07-30', '2018-08-02', 1005),
(1527, 100156, 2013157, '2019-04-27', '2019-04-30', 1004),
(1528, 100020, 2013023, '2019-07-25', '2019-07-28', 1004),
(1529, 100360, 2013005, '2019-05-15', '2019-05-18', 1009),
(1530, 100418, 2013038, '2018-03-01', '2018-03-04', 1008),
(1531, 100692, 2013006, '2019-03-25', '2019-03-28', 1008),
(1532, 100513, 2013017, '2019-03-28', '2019-03-31', 1002),
(1533, 100075, 2013136, '2018-05-18', '2018-05-21', 1009),
(1534, 100592, 2013085, '2019-05-18', '2019-05-21', 1007),
(1535, 100694, 2013064, '2020-01-16', '2020-01-19', 1005),
(1536, 100195, 2013039, '2019-08-27', '2019-08-30', 1006),
(1537, 100463, 2013124, '2019-03-28', '2019-03-31', 1007),
(1538, 100280, 2013104, '2019-03-21', '2019-03-24', 1008),
(1539, 100487, 2013086, '2019-03-23', '2019-03-26', 1007),
(1540, 100442, 2013016, '2019-11-28', '2019-12-01', 1009),
(1541, 100256, 2013018, '2018-01-25', '2018-01-28', 1002),
(1542, 100295, 2013170, '2018-09-01', '2018-09-04', 1009),
(1543, 100465, 2013128, '2018-12-16', '2018-12-19', 1010),
(1544, 100038, 2013191, '2019-06-23', '2019-06-26', 1009),
(1545, 100606, 2013008, '2019-10-04', '2019-10-07', 1008),
(1546, 100295, 2013114, '2019-08-16', '2019-08-19', 1008),
(1547, 100554, 2013096, '2019-03-02', '2019-03-05', 1008),
(1548, 100300, 2013062, '2018-02-13', '2018-02-16', 1007),
(1549, 100541, 2013147, '2018-06-19', '2018-06-22', 1006),
(1550, 100345, 2013033, '2018-01-07', '2018-01-10', 1004),
(1551, 100027, 2013190, '2020-01-01', '2020-01-04', 1002),
(1552, 100393, 2013007, '2018-12-25', '2018-12-28', 1007),
(1553, 100214, 2013109, '2019-04-19', '2019-04-22', 1009),
(1554, 100309, 2013142, '2019-11-20', '2019-11-23', 1005),
(1555, 100315, 2013024, '2019-11-17', '2019-11-20', 1004),
(1556, 100155, 2013132, '2018-08-26', '2018-08-29', 1006),
(1557, 100627, 2013140, '2018-05-28', '2018-05-31', 1005),
(1558, 100011, 2013167, '2019-03-02', '2019-03-05', 1009),
(1559, 100106, 2013160, '2018-07-09', '2018-07-12', 1007),
(1560, 100058, 2013079, '2018-10-03', '2018-10-06', 1003),
(1561, 100008, 2013011, '2019-07-26', '2019-07-29', 1009),
(1562, 100375, 2013167, '2018-07-08', '2018-07-11', 1001),
(1563, 100051, 2013036, '2019-10-21', '2019-10-24', 1006),
(1564, 100160, 2013033, '2018-11-03', '2018-11-06', 1010),
(1565, 100332, 2013009, '2019-01-20', '2019-01-23', 1009),
(1566, 100035, 2013067, '2018-02-20', '2018-02-23', 1002),
(1567, 100370, 2013118, '2019-03-13', '2019-03-16', 1001),
(1568, 100204, 2013008, '2019-02-27', '2019-03-02', 1006),
(1569, 100584, 2013049, '2018-07-25', '2018-07-28', 1006),
(1570, 100165, 2013124, '2020-02-01', '2020-02-04', 1007),
(1571, 100659, 2013174, '2019-09-27', '2019-09-30', 1006),
(1572, 100581, 2013048, '2018-07-11', '2018-07-14', 1007),
(1573, 100134, 2013007, '2019-11-27', '2019-11-30', 1009),
(1574, 100391, 2013064, '2020-02-16', '2020-02-19', 1007),
(1575, 100537, 2013005, '2019-09-24', '2019-09-27', 1009),
(1576, 100475, 2013139, '2018-11-08', '2018-11-11', 1006),
(1577, 100607, 2013062, '2018-11-16', '2018-11-19', 1005),
(1578, 100088, 2013143, '2019-06-28', '2019-07-01', 1006),
(1579, 100108, 2013165, '2018-01-31', '2018-02-03', 1008),
(1580, 100245, 2013080, '2018-01-26', '2018-01-29', 1003),
(1581, 100219, 2013136, '2019-04-24', '2019-04-27', 1005),
(1582, 100528, 2013019, '2018-03-20', '2018-03-23', 1007),
(1583, 100333, 2013025, '2019-10-10', '2019-10-13', 1009),
(1584, 100580, 2013129, '2018-03-28', '2018-03-31', 1003),
(1585, 100337, 2013053, '2018-03-28', '2018-03-31', 1003),
(1586, 100246, 2013036, '2019-02-21', '2019-02-24', 1006),
(1587, 100688, 2013186, '2018-09-12', '2018-09-15', 1008),
(1588, 100244, 2013139, '2019-02-13', '2019-02-16', 1007),
(1589, 100302, 2013148, '2018-09-04', '2018-09-07', 1009),
(1590, 100266, 2013110, '2019-05-27', '2019-05-30', 1005),
(1591, 100330, 2013041, '2019-05-22', '2019-05-25', 1010),
(1592, 100457, 2013056, '2019-01-03', '2019-01-06', 1005),
(1593, 100050, 2013023, '2018-12-21', '2018-12-24', 1004),
(1594, 100361, 2013192, '2020-01-02', '2020-01-05', 1001),
(1595, 100356, 2013193, '2020-02-03', '2020-02-06', 1002),
(1596, 100045, 2013093, '2019-01-08', '2019-01-11', 1008),
(1597, 100484, 2013147, '2018-11-28', '2018-12-01', 1010),
(1598, 100352, 2013116, '2019-11-13', '2019-11-16', 1002),
(1599, 100100, 2013065, '2018-03-18', '2018-03-21', 1010),
(1600, 100687, 2013114, '2019-05-15', '2019-05-18', 1007),
(1601, 100086, 2013080, '2018-09-27', '2018-09-30', 1008),
(1602, 100078, 2013151, '2018-11-21', '2018-11-24', 1009),
(1603, 100085, 2013142, '2020-01-18', '2020-01-21', 1006),
(1604, 100610, 2013194, '2019-07-19', '2019-07-22', 1010),
(1605, 100339, 2013011, '2020-01-02', '2020-01-05', 1005),
(1606, 100100, 2013184, '2019-06-05', '2019-06-08', 1003),
(1607, 100585, 2013087, '2018-04-21', '2018-04-24', 1002),
(1608, 100270, 2013050, '2019-11-06', '2019-11-09', 1008),
(1609, 100010, 2013043, '2018-04-09', '2018-04-12', 1004),
(1610, 100268, 2013100, '2020-02-11', '2020-02-14', 1009),
(1611, 100675, 2013135, '2018-09-23', '2018-09-26', 1003),
(1612, 100382, 2013046, '2019-08-13', '2019-08-16', 1004),
(1613, 100284, 2013109, '2018-11-15', '2018-11-18', 1005),
(1614, 100214, 2013134, '2020-01-31', '2020-02-03', 1007),
(1615, 100646, 2013016, '2019-12-06', '2019-12-09', 1005),
(1616, 100012, 2013156, '2018-09-28', '2018-10-01', 1008),
(1617, 100221, 2013064, '2019-06-29', '2019-07-02', 1003),
(1618, 100648, 2013151, '2019-01-13', '2019-01-16', 1006),
(1619, 100483, 2013170, '2019-07-01', '2019-07-04', 1009),
(1620, 100086, 2013026, '2020-02-21', '2020-02-24', 1002),
(1621, 100682, 2013051, '2020-01-02', '2020-01-05', 1005),
(1622, 100115, 2013050, '2018-05-31', '2018-06-03', 1002),
(1623, 100095, 2013153, '2019-05-14', '2019-05-17', 1007),
(1624, 100072, 2013035, '2018-03-11', '2018-03-14', 1004),
(1625, 100460, 2013197, '2019-11-21', '2019-11-24', 1008),
(1626, 100604, 2013139, '2019-03-28', '2019-03-31', 1001),
(1627, 100645, 2013138, '2018-10-04', '2018-10-07', 1006),
(1628, 100345, 2013166, '2019-05-27', '2019-05-30', 1008),
(1629, 100061, 2013066, '2019-02-14', '2019-02-17', 1007),
(1630, 100587, 2013141, '2019-11-13', '2019-11-16', 1008),
(1631, 100461, 2013130, '2019-12-17', '2019-12-20', 1003),
(1632, 100290, 2013025, '2018-08-06', '2018-08-09', 1007),
(1633, 100413, 2013068, '2018-05-12', '2018-05-15', 1003),
(1634, 100170, 2013020, '2019-08-30', '2019-09-02', 1007),
(1635, 100043, 2013169, '2019-10-08', '2019-10-11', 1004),
(1636, 100341, 2013141, '2018-07-31', '2018-08-03', 1003),
(1637, 100352, 2013067, '2018-11-19', '2018-11-22', 1006),
(1638, 100572, 2013155, '2018-12-23', '2018-12-26', 1006),
(1639, 100115, 2013143, '2018-01-02', '2018-01-05', 1006),
(1640, 100525, 2013015, '2019-08-28', '2019-08-31', 1006),
(1641, 100369, 2013068, '2018-06-02', '2018-06-05', 1010),
(1642, 100340, 2013106, '2019-08-18', '2019-08-21', 1007),
(1643, 100627, 2013062, '2019-11-25', '2019-11-28', 1003),
(1644, 100698, 2013108, '2019-05-20', '2019-05-23', 1008),
(1645, 100267, 2013028, '2018-02-28', '2018-03-03', 1009),
(1646, 100132, 2013072, '2018-02-05', '2018-02-08', 1005),
(1647, 100622, 2013037, '2019-07-16', '2019-07-19', 1003),
(1648, 100296, 2013156, '2019-07-04', '2019-07-07', 1004),
(1649, 100626, 2013147, '2020-02-15', '2020-02-18', 1005),
(1650, 100410, 2013031, '2019-10-03', '2019-10-06', 1003),
(1651, 100557, 2013151, '2020-02-09', '2020-02-12', 1005),
(1652, 100687, 2013175, '2019-10-12', '2019-10-15', 1006),
(1653, 100163, 2013077, '2019-03-24', '2019-03-27', 1004),
(1654, 100189, 2013084, '2018-05-02', '2018-05-05', 1010),
(1655, 100058, 2013056, '2018-06-24', '2018-06-27', 1009),
(1656, 100367, 2013142, '2018-06-29', '2018-07-02', 1007),
(1657, 100244, 2013035, '2018-11-16', '2018-11-19', 1009),
(1658, 100364, 2013029, '2019-01-26', '2019-01-29', 1005),
(1659, 100241, 2013144, '2019-10-30', '2019-11-02', 1008),
(1660, 100568, 2013145, '2018-02-09', '2018-02-12', 1005),
(1661, 100368, 2013197, '2019-04-12', '2019-04-15', 1008),
(1662, 100330, 2013167, '2019-07-04', '2019-07-07', 1009),
(1663, 100469, 2013092, '2019-06-10', '2019-06-13', 1008),
(1664, 100281, 2013081, '2018-11-23', '2018-11-26', 1008),
(1665, 100113, 2013012, '2019-08-16', '2019-08-19', 1003),
(1666, 100291, 2013016, '2019-05-20', '2019-05-23', 1006),
(1667, 100131, 2013050, '2019-03-26', '2019-03-29', 1002),
(1668, 100488, 2013140, '2019-03-11', '2019-03-14', 1008),
(1669, 100608, 2013096, '2019-12-26', '2019-12-29', 1002),
(1670, 100652, 2013135, '2019-01-01', '2019-01-04', 1007),
(1671, 100686, 2013188, '2019-06-13', '2019-06-16', 1006),
(1672, 100419, 2013067, '2018-05-23', '2018-05-26', 1002),
(1673, 100020, 2013124, '2019-03-23', '2019-03-26', 1007),
(1674, 100681, 2013152, '2018-02-27', '2018-03-02', 1001),
(1675, 100223, 2013087, '2019-02-10', '2019-02-13', 1003),
(1676, 100275, 2013144, '2018-04-02', '2018-04-05', 1008),
(1677, 100575, 2013086, '2019-11-17', '2019-11-20', 1005),
(1678, 100220, 2013075, '2018-08-01', '2018-08-04', 1002),
(1679, 100540, 2013124, '2019-03-03', '2019-03-06', 1009),
(1680, 100224, 2013195, '2018-08-21', '2018-08-24', 1007),
(1681, 100191, 2013145, '2018-11-21', '2018-11-24', 1006),
(1682, 100357, 2013110, '2018-01-09', '2018-01-12', 1006),
(1683, 100346, 2013037, '2018-12-17', '2018-12-20', 1005),
(1684, 100627, 2013062, '2019-12-05', '2019-12-08', 1002),
(1685, 100316, 2013044, '2019-02-17', '2019-02-20', 1004),
(1686, 100170, 2013189, '2019-09-29', '2019-10-02', 1009),
(1687, 100650, 2013035, '2019-10-02', '2019-10-05', 1005),
(1688, 100287, 2013033, '2018-09-19', '2018-09-22', 1002),
(1689, 100515, 2013015, '2018-08-12', '2018-08-15', 1004),
(1690, 100248, 2013054, '2019-12-06', '2019-12-09', 1003),
(1691, 100603, 2013153, '2018-05-31', '2018-06-03', 1007),
(1692, 100263, 2013020, '2018-01-03', '2018-01-06', 1009),
(1693, 100559, 2013181, '2019-12-07', '2019-12-10', 1010),
(1694, 100173, 2013059, '2019-06-01', '2019-06-04', 1006),
(1695, 100596, 2013071, '2019-10-15', '2019-10-18', 1002),
(1696, 100665, 2013121, '2018-06-28', '2018-07-01', 1010),
(1697, 100056, 2013098, '2019-12-20', '2019-12-23', 1002),
(1698, 100505, 2013110, '2018-02-19', '2018-02-22', 1001),
(1699, 100382, 2013159, '2019-03-11', '2019-03-14', 1006),
(1700, 100641, 2013167, '2018-03-16', '2018-03-19', 1006),
(1701, 100184, 2013074, '2019-10-18', '2019-10-21', 1009),
(1702, 100207, 2013190, '2019-10-22', '2019-10-25', 1002),
(1703, 100496, 2013115, '2020-02-16', '2020-02-19', 1003),
(1704, 100560, 2013159, '2018-12-02', '2018-12-05', 1008),
(1705, 100540, 2013160, '2019-01-23', '2019-01-26', 1004),
(1706, 100185, 2013037, '2018-11-16', '2018-11-19', 1010),
(1707, 100148, 2013018, '2018-05-28', '2018-05-31', 1007),
(1708, 100503, 2013196, '2018-05-07', '2018-05-10', 1009),
(1709, 100550, 2013079, '2018-12-03', '2018-12-06', 1004),
(1710, 100552, 2013126, '2018-09-10', '2018-09-13', 1001),
(1711, 100115, 2013192, '2018-05-22', '2018-05-25', 1005),
(1712, 100444, 2013116, '2019-09-23', '2019-09-26', 1008),
(1713, 100073, 2013049, '2018-07-05', '2018-07-08', 1009),
(1714, 100289, 2013094, '2019-07-14', '2019-07-17', 1004),
(1715, 100230, 2013025, '2018-09-20', '2018-09-23', 1004),
(1716, 100451, 2013016, '2019-11-17', '2019-11-20', 1008),
(1717, 100412, 2013176, '2018-11-30', '2018-12-03', 1002),
(1718, 100458, 2013086, '2019-08-02', '2019-08-05', 1005),
(1719, 100417, 2013097, '2019-01-02', '2019-01-05', 1003),
(1720, 100247, 2013167, '2018-10-16', '2018-10-19', 1004),
(1721, 100170, 2013068, '2018-04-08', '2018-04-11', 1002),
(1722, 100486, 2013133, '2018-09-10', '2018-09-13', 1002),
(1723, 100642, 2013018, '2018-02-10', '2018-02-13', 1001),
(1724, 100630, 2013119, '2019-03-27', '2019-03-30', 1007),
(1725, 100088, 2013195, '2019-08-12', '2019-08-15', 1006),
(1726, 100689, 2013091, '2018-03-26', '2018-03-29', 1003),
(1727, 100672, 2013015, '2018-01-04', '2018-01-07', 1003),
(1728, 100171, 2013109, '2019-12-06', '2019-12-09', 1002),
(1729, 100287, 2013123, '2019-04-22', '2019-04-25', 1008),
(1730, 100097, 2013095, '2018-06-22', '2018-06-25', 1007),
(1731, 100350, 2013167, '2019-06-09', '2019-06-12', 1007),
(1732, 100416, 2013168, '2019-05-12', '2019-05-15', 1007),
(1733, 100565, 2013117, '2019-05-28', '2019-05-31', 1005),
(1734, 100456, 2013080, '2019-08-06', '2019-08-09', 1006),
(1735, 100625, 2013133, '2019-07-08', '2019-07-11', 1006),
(1736, 100085, 2013165, '2019-11-18', '2019-11-21', 1002),
(1737, 100357, 2013166, '2019-07-05', '2019-07-08', 1002),
(1738, 100297, 2013158, '2018-09-14', '2018-09-17', 1006),
(1739, 100284, 2013163, '2018-02-10', '2018-02-13', 1005),
(1740, 100618, 2013112, '2019-07-21', '2019-07-24', 1004),
(1741, 100460, 2013019, '2019-07-28', '2019-07-31', 1008),
(1742, 100494, 2013167, '2018-10-01', '2018-10-04', 1008),
(1743, 100698, 2013162, '2019-06-23', '2019-06-26', 1005),
(1744, 100253, 2013162, '2019-02-10', '2019-02-13', 1003),
(1745, 100217, 2013138, '2019-06-17', '2019-06-20', 1008),
(1746, 100117, 2013092, '2018-10-14', '2018-10-17', 1002),
(1747, 100140, 2013128, '2019-10-27', '2019-10-30', 1010),
(1748, 100086, 2013163, '2020-01-22', '2020-01-25', 1002),
(1749, 100006, 2013079, '2019-05-01', '2019-05-04', 1007),
(1750, 100079, 2013111, '2018-10-27', '2018-10-30', 1002),
(1751, 100601, 2013048, '2019-05-21', '2019-05-24', 1009),
(1752, 100458, 2013061, '2018-07-07', '2018-07-10', 1003),
(1753, 100639, 2013023, '2018-09-25', '2018-09-28', 1004),
(1754, 100103, 2013183, '2018-09-22', '2018-09-25', 1003),
(1755, 100185, 2013099, '2018-10-11', '2018-10-14', 1002),
(1756, 100500, 2013020, '2019-05-20', '2019-05-23', 1008),
(1757, 100397, 2013035, '2018-08-06', '2018-08-09', 1001),
(1758, 100175, 2013071, '2019-04-02', '2019-04-05', 1005),
(1759, 100254, 2013130, '2018-03-29', '2018-04-01', 1010),
(1760, 100165, 2013034, '2018-08-10', '2018-08-13', 1006),
(1761, 100612, 2013181, '2018-10-10', '2018-10-13', 1010),
(1762, 100216, 2013069, '2019-09-19', '2019-09-22', 1005),
(1763, 100035, 2013006, '2019-07-01', '2019-07-04', 1009),
(1764, 100466, 2013129, '2019-10-19', '2019-10-22', 1001),
(1765, 100428, 2013080, '2018-11-23', '2018-11-26', 1009),
(1766, 100524, 2013028, '2019-08-12', '2019-08-15', 1003),
(1767, 100541, 2013029, '2018-05-26', '2018-05-29', 1007),
(1768, 100233, 2013031, '2019-07-22', '2019-07-25', 1004),
(1769, 100364, 2013147, '2018-11-17', '2018-11-20', 1008),
(1770, 100062, 2013025, '2019-01-07', '2019-01-10', 1007);
INSERT INTO `prestamos` (`numero_prestamo`, `codigo_libro`, `carne_alumno`, `fecha_prestamo`, `fecha_devolucion`, `codigo_empleado`) VALUES
(1771, 100704, 2013078, '2019-03-08', '2019-03-11', 1007),
(1772, 100514, 2013159, '2019-05-13', '2019-05-16', 1005),
(1773, 100233, 2013051, '2019-01-09', '2019-01-12', 1005),
(1774, 100057, 2013093, '2018-08-12', '2018-08-15', 1007),
(1775, 100128, 2013153, '2019-11-29', '2019-12-02', 1004),
(1776, 100090, 2013094, '2018-10-26', '2018-10-29', 1004),
(1777, 100097, 2013161, '2018-05-14', '2018-05-17', 1003),
(1778, 100521, 2013124, '2019-05-12', '2019-05-15', 1005),
(1779, 100391, 2013144, '2019-05-18', '2019-05-21', 1008),
(1780, 100202, 2013174, '2019-11-08', '2019-11-11', 1005),
(1781, 100038, 2013067, '2018-03-24', '2018-03-27', 1009),
(1782, 100374, 2013125, '2019-10-02', '2019-10-05', 1005),
(1783, 100393, 2013152, '2018-01-30', '2018-02-02', 1004),
(1784, 100621, 2013102, '2019-04-28', '2019-05-01', 1002),
(1785, 100303, 2013094, '2018-03-08', '2018-03-11', 1003),
(1786, 100232, 2013168, '2020-01-10', '2020-01-13', 1008),
(1787, 100196, 2013140, '2019-11-13', '2019-11-16', 1003),
(1788, 100443, 2013099, '2018-09-17', '2018-09-20', 1010),
(1789, 100015, 2013096, '2018-09-26', '2018-09-29', 1004),
(1790, 100326, 2013042, '2019-01-18', '2019-01-21', 1007),
(1791, 100075, 2013049, '2019-09-04', '2019-09-07', 1009),
(1792, 100023, 2013170, '2018-10-25', '2018-10-28', 1007),
(1793, 100522, 2013091, '2018-03-20', '2018-03-23', 1010),
(1794, 100215, 2013171, '2018-04-30', '2018-05-03', 1001),
(1795, 100298, 2013014, '2018-09-23', '2018-09-26', 1009),
(1796, 100453, 2013127, '2018-08-10', '2018-08-13', 1009),
(1797, 100150, 2013135, '2019-01-06', '2019-01-09', 1004),
(1798, 100258, 2013141, '2019-04-14', '2019-04-17', 1003),
(1799, 100034, 2013178, '2019-05-02', '2019-05-05', 1004),
(1800, 100116, 2013125, '2018-11-25', '2018-11-28', 1006),
(1801, 100025, 2013053, '2019-11-14', '2019-11-17', 1007),
(1802, 100319, 2013033, '2018-09-14', '2018-09-17', 1005),
(1803, 100248, 2013172, '2019-08-05', '2019-08-08', 1004),
(1804, 100656, 2013179, '2018-05-10', '2018-05-13', 1004),
(1805, 100292, 2013154, '2018-06-07', '2018-06-10', 1009),
(1806, 100628, 2013064, '2019-11-11', '2019-11-14', 1004),
(1807, 100341, 2013062, '2020-02-04', '2020-02-07', 1009),
(1808, 100325, 2013071, '2018-01-17', '2018-01-20', 1007),
(1809, 100588, 2013043, '2018-05-10', '2018-05-13', 1002),
(1810, 100131, 2013068, '2018-05-15', '2018-05-18', 1005),
(1811, 100109, 2013179, '2019-11-15', '2019-11-18', 1004),
(1812, 100543, 2013122, '2018-05-28', '2018-05-31', 1006),
(1813, 100421, 2013059, '2019-01-06', '2019-01-09', 1009),
(1814, 100114, 2013086, '2018-11-24', '2018-11-27', 1002),
(1815, 100688, 2013016, '2020-01-07', '2020-01-10', 1002),
(1816, 100652, 2013123, '2018-06-15', '2018-06-18', 1006),
(1817, 100422, 2013077, '2019-09-28', '2019-10-01', 1001),
(1818, 100052, 2013067, '2019-09-14', '2019-09-17', 1003),
(1819, 100626, 2013178, '2018-01-22', '2018-01-25', 1009),
(1820, 100455, 2013007, '2018-09-10', '2018-09-13', 1005),
(1821, 100041, 2013032, '2019-11-17', '2019-11-20', 1009),
(1822, 100234, 2013152, '2018-11-13', '2018-11-16', 1003),
(1823, 100344, 2013190, '2020-01-16', '2020-01-19', 1002),
(1824, 100084, 2013019, '2019-08-06', '2019-08-09', 1008),
(1825, 100358, 2013140, '2019-03-16', '2019-03-19', 1004),
(1826, 100545, 2013084, '2019-05-18', '2019-05-21', 1009),
(1827, 100030, 2013033, '2018-01-03', '2018-01-06', 1006),
(1828, 100498, 2013148, '2019-06-01', '2019-06-04', 1006),
(1829, 100619, 2013082, '2019-09-25', '2019-09-28', 1005),
(1830, 100050, 2013162, '2019-02-17', '2019-02-20', 1003),
(1831, 100319, 2013160, '2019-03-15', '2019-03-18', 1007),
(1832, 100572, 2013070, '2019-03-22', '2019-03-25', 1004),
(1833, 100133, 2013117, '2018-02-21', '2018-02-24', 1009),
(1834, 100526, 2013048, '2018-12-24', '2018-12-27', 1006),
(1835, 100350, 2013025, '2020-01-14', '2020-01-17', 1010),
(1836, 100113, 2013015, '2019-11-24', '2019-11-27', 1003),
(1837, 100612, 2013045, '2018-05-09', '2018-05-12', 1009),
(1838, 100685, 2013015, '2018-11-30', '2018-12-03', 1004),
(1839, 100571, 2013006, '2019-06-23', '2019-06-26', 1002),
(1840, 100268, 2013038, '2019-03-12', '2019-03-15', 1005),
(1841, 100135, 2013038, '2018-11-18', '2018-11-21', 1007),
(1842, 100658, 2013123, '2019-05-24', '2019-05-27', 1006),
(1843, 100369, 2013077, '2018-06-14', '2018-06-17', 1010),
(1844, 100462, 2013151, '2019-08-13', '2019-08-16', 1006),
(1845, 100255, 2013084, '2018-07-10', '2018-07-13', 1009),
(1846, 100643, 2013058, '2018-08-13', '2018-08-16', 1001),
(1847, 100407, 2013100, '2019-06-20', '2019-06-23', 1005),
(1848, 100133, 2013048, '2018-10-08', '2018-10-11', 1001),
(1849, 100522, 2013164, '2018-07-26', '2018-07-29', 1009),
(1850, 100705, 2013196, '2019-10-26', '2019-10-29', 1004),
(1851, 100528, 2013134, '2018-09-16', '2018-09-19', 1007),
(1852, 100243, 2013130, '2019-12-21', '2019-12-24', 1006),
(1853, 100183, 2013057, '2019-05-08', '2019-05-11', 1006),
(1854, 100503, 2013060, '2019-02-10', '2019-02-13', 1007),
(1855, 100389, 2013146, '2018-05-02', '2018-05-05', 1002),
(1856, 100550, 2013092, '2018-10-06', '2018-10-09', 1009),
(1857, 100478, 2013032, '2019-09-20', '2019-09-23', 1009),
(1858, 100080, 2013134, '2019-04-16', '2019-04-19', 1002),
(1859, 100530, 2013146, '2019-04-24', '2019-04-27', 1004),
(1860, 100037, 2013124, '2019-01-14', '2019-01-17', 1006),
(1861, 100116, 2013083, '2018-04-01', '2018-04-04', 1008),
(1862, 100531, 2013148, '2019-02-24', '2019-02-27', 1003),
(1863, 100184, 2013123, '2019-08-17', '2019-08-20', 1001),
(1864, 100090, 2013070, '2018-09-12', '2018-09-15', 1006),
(1865, 100063, 2013127, '2018-10-11', '2018-10-14', 1007),
(1866, 100106, 2013162, '2018-04-04', '2018-04-07', 1002),
(1867, 100433, 2013086, '2019-09-23', '2019-09-26', 1002),
(1868, 100155, 2013148, '2019-03-01', '2019-03-04', 1009),
(1869, 100609, 2013190, '2019-10-01', '2019-10-04', 1006),
(1870, 100219, 2013123, '2018-03-21', '2018-03-24', 1009),
(1871, 100064, 2013054, '2019-03-31', '2019-04-03', 1010),
(1872, 100497, 2013166, '2020-01-22', '2020-01-25', 1009),
(1873, 100686, 2013105, '2018-04-30', '2018-05-03', 1005),
(1874, 100558, 2013120, '2018-03-19', '2018-03-22', 1004),
(1875, 100191, 2013066, '2018-11-29', '2018-12-02', 1007),
(1876, 100214, 2013066, '2019-06-07', '2019-06-10', 1009),
(1877, 100615, 2013030, '2019-03-27', '2019-03-30', 1004),
(1878, 100493, 2013004, '2018-01-13', '2018-01-16', 1004),
(1879, 100052, 2013132, '2018-05-02', '2018-05-05', 1007),
(1880, 100376, 2013164, '2018-06-12', '2018-06-15', 1003),
(1881, 100055, 2013024, '2018-10-11', '2018-10-14', 1003),
(1882, 100682, 2013161, '2019-04-09', '2019-04-12', 1004),
(1883, 100698, 2013156, '2019-12-09', '2019-12-12', 1006),
(1884, 100577, 2013089, '2018-06-03', '2018-06-06', 1004),
(1885, 100404, 2013087, '2018-09-13', '2018-09-16', 1007),
(1886, 100319, 2013152, '2019-11-05', '2019-11-08', 1005),
(1887, 100507, 2013038, '2019-06-24', '2019-06-27', 1006),
(1888, 100035, 2013157, '2018-03-09', '2018-03-12', 1008),
(1889, 100282, 2013138, '2019-02-07', '2019-02-10', 1003),
(1890, 100200, 2013014, '2019-11-30', '2019-12-03', 1008),
(1891, 100462, 2013006, '2018-06-29', '2018-07-02', 1009),
(1892, 100460, 2013140, '2018-12-29', '2019-01-01', 1008),
(1893, 100114, 2013180, '2020-01-21', '2020-01-24', 1002),
(1894, 100288, 2013094, '2019-06-01', '2019-06-04', 1003),
(1895, 100232, 2013154, '2020-02-03', '2020-02-06', 1009),
(1896, 100292, 2013043, '2019-03-29', '2019-04-01', 1001),
(1897, 100160, 2013058, '2018-08-29', '2018-09-01', 1002),
(1898, 100457, 2013125, '2018-02-27', '2018-03-02', 1001),
(1899, 100084, 2013062, '2018-10-04', '2018-10-07', 1007),
(1900, 100583, 2013085, '2019-02-21', '2019-02-24', 1004),
(1901, 100396, 2013028, '2019-03-07', '2019-03-10', 1007),
(1902, 100646, 2013195, '2019-01-20', '2019-01-23', 1007),
(1903, 100519, 2013194, '2020-02-13', '2020-02-16', 1003),
(1904, 100255, 2013101, '2019-08-21', '2019-08-24', 1001),
(1905, 100379, 2013141, '2018-03-21', '2018-03-24', 1010),
(1906, 100627, 2013165, '2019-12-03', '2019-12-06', 1007),
(1907, 100688, 2013141, '2020-01-24', '2020-01-27', 1009),
(1908, 100381, 2013091, '2019-09-02', '2019-09-05', 1007),
(1909, 100186, 2013161, '2018-12-02', '2018-12-05', 1003),
(1910, 100210, 2013114, '2018-03-19', '2018-03-22', 1002),
(1911, 100600, 2013151, '2018-01-19', '2018-01-22', 1008),
(1912, 100075, 2013103, '2018-06-24', '2018-06-27', 1007),
(1913, 100654, 2013099, '2019-11-22', '2019-11-25', 1006),
(1914, 100137, 2013180, '2019-04-17', '2019-04-20', 1005),
(1915, 100550, 2013121, '2018-10-20', '2018-10-23', 1004),
(1916, 100316, 2013175, '2019-05-12', '2019-05-15', 1010),
(1917, 100301, 2013174, '2019-06-08', '2019-06-11', 1009),
(1918, 100562, 2013130, '2018-03-21', '2018-03-24', 1001),
(1919, 100030, 2013117, '2019-01-15', '2019-01-18', 1004),
(1920, 100376, 2013184, '2018-10-21', '2018-10-24', 1003),
(1921, 100610, 2013034, '2018-07-03', '2018-07-06', 1004),
(1922, 100031, 2013009, '2020-01-04', '2020-01-07', 1008),
(1923, 100050, 2013034, '2019-06-07', '2019-06-10', 1003),
(1924, 100427, 2013046, '2018-03-19', '2018-03-22', 1007),
(1925, 100057, 2013127, '2020-01-09', '2020-01-12', 1006),
(1926, 100647, 2013177, '2019-04-07', '2019-04-10', 1008),
(1927, 100332, 2013078, '2019-11-30', '2019-12-03', 1005),
(1928, 100072, 2013131, '2018-08-14', '2018-08-17', 1006),
(1929, 100534, 2013016, '2019-01-29', '2019-02-01', 1002),
(1930, 100426, 2013135, '2018-05-20', '2018-05-23', 1004),
(1931, 100501, 2013172, '2019-01-05', '2019-01-08', 1010),
(1932, 100677, 2013044, '2019-01-10', '2019-01-13', 1006),
(1933, 100279, 2013087, '2018-12-15', '2018-12-18', 1007),
(1934, 100008, 2013123, '2018-04-26', '2018-04-29', 1005),
(1935, 100092, 2013089, '2019-04-06', '2019-04-09', 1007),
(1936, 100507, 2013069, '2019-01-08', '2019-01-11', 1003),
(1937, 100667, 2013152, '2018-03-29', '2018-04-01', 1004),
(1938, 100593, 2013175, '2019-07-09', '2019-07-12', 1002),
(1939, 100044, 2013106, '2018-03-07', '2018-03-10', 1009),
(1940, 100296, 2013087, '2020-02-26', '2020-02-29', 1002),
(1941, 100506, 2013132, '2018-10-12', '2018-10-15', 1003),
(1942, 100018, 2013168, '2019-06-23', '2019-06-26', 1006),
(1943, 100529, 2013155, '2018-04-06', '2018-04-09', 1003),
(1944, 100100, 2013186, '2018-08-27', '2018-08-30', 1005),
(1945, 100195, 2013096, '2019-03-03', '2019-03-06', 1007),
(1946, 100608, 2013149, '2019-01-07', '2019-01-10', 1004),
(1947, 100582, 2013146, '2019-06-10', '2019-06-13', 1007),
(1948, 100165, 2013135, '2019-09-11', '2019-09-14', 1006),
(1949, 100552, 2013064, '2018-02-28', '2018-03-03', 1002),
(1950, 100542, 2013112, '2019-12-24', '2019-12-27', 1008),
(1951, 100295, 2013156, '2019-12-25', '2019-12-28', 1003),
(1952, 100156, 2013174, '2019-03-30', '2019-04-02', 1005),
(1953, 100137, 2013078, '2019-05-05', '2019-05-08', 1008),
(1954, 100042, 2013129, '2019-02-26', '2019-03-01', 1008),
(1955, 100043, 2013189, '2018-07-29', '2018-08-01', 1002),
(1956, 100183, 2013027, '2018-07-01', '2018-07-04', 1004),
(1957, 100577, 2013192, '2019-02-07', '2019-02-10', 1004),
(1958, 100109, 2013030, '2019-02-20', '2019-02-23', 1008),
(1959, 100553, 2013106, '2019-09-14', '2019-09-17', 1006),
(1960, 100492, 2013136, '2018-12-26', '2018-12-29', 1001),
(1961, 100505, 2013159, '2019-02-07', '2019-02-10', 1009),
(1962, 100536, 2013069, '2019-09-11', '2019-09-14', 1009),
(1963, 100592, 2013199, '2018-07-30', '2018-08-02', 1004),
(1964, 100602, 2013094, '2018-07-30', '2018-08-02', 1003),
(1965, 100124, 2013054, '2018-02-14', '2018-02-17', 1001),
(1966, 100307, 2013019, '2019-09-06', '2019-09-09', 1003),
(1967, 100377, 2013147, '2019-03-14', '2019-03-17', 1004),
(1968, 100092, 2013187, '2019-04-04', '2019-04-07', 1008),
(1969, 100388, 2013175, '2019-02-15', '2019-02-18', 1005),
(1970, 100606, 2013175, '2019-09-30', '2019-10-03', 1005),
(1971, 100259, 2013034, '2018-05-13', '2018-05-16', 1006),
(1972, 100305, 2013034, '2018-01-14', '2018-01-17', 1003),
(1973, 100079, 2013014, '2019-06-14', '2019-06-17', 1005),
(1974, 100548, 2013088, '2019-05-14', '2019-05-17', 1006),
(1975, 100624, 2013131, '2019-08-20', '2019-08-23', 1007),
(1976, 100067, 2013068, '2019-12-09', '2019-12-12', 1008),
(1977, 100648, 2013151, '2019-10-26', '2019-10-29', 1006),
(1978, 100619, 2013190, '2018-10-19', '2018-10-22', 1007),
(1979, 100642, 2013028, '2019-10-04', '2019-10-07', 1007),
(1980, 100118, 2013166, '2018-06-03', '2018-06-06', 1009),
(1981, 100678, 2013047, '2018-04-04', '2018-04-07', 1006),
(1982, 100109, 2013097, '2019-04-03', '2019-04-06', 1003),
(1983, 100488, 2013031, '2018-10-17', '2018-10-20', 1001),
(1984, 100087, 2013075, '2019-11-27', '2019-11-30', 1002),
(1985, 100221, 2013086, '2019-04-17', '2019-04-20', 1002),
(1986, 100574, 2013069, '2019-05-31', '2019-06-03', 1004),
(1987, 100417, 2013056, '2020-02-25', '2020-02-28', 1001),
(1988, 100139, 2013092, '2019-04-19', '2019-04-22', 1003),
(1989, 100385, 2013133, '2018-11-24', '2018-11-27', 1003),
(1990, 100243, 2013147, '2019-08-02', '2019-08-05', 1005),
(1991, 100469, 2013191, '2019-05-09', '2019-05-12', 1005),
(1992, 100471, 2013166, '2019-07-26', '2019-07-29', 1006),
(1993, 100291, 2013111, '2018-12-11', '2018-12-14', 1007),
(1994, 100381, 2013114, '2020-01-07', '2020-01-10', 1009),
(1995, 100111, 2013006, '2018-06-24', '2018-06-27', 1009),
(1996, 100668, 2013187, '2019-01-27', '2019-01-30', 1009),
(1997, 100033, 2013102, '2019-06-02', '2019-06-05', 1010),
(1998, 100079, 2013069, '2018-08-23', '2018-08-26', 1002),
(1999, 100473, 2013026, '2018-04-13', '2018-04-16', 1008),
(2000, 100703, 2013198, '2020-01-10', '2020-01-13', 1009),
(2001, 100628, 2013100, '2019-10-28', '2019-10-31', 1004),
(2002, 100208, 2013153, '2019-08-31', '2019-09-03', 1004),
(2003, 100551, 2013162, '2018-07-06', '2018-07-09', 1002),
(2004, 100414, 2013042, '2020-02-11', '2020-02-14', 1006),
(2005, 100226, 2013119, '2019-12-09', '2019-12-12', 1009),
(2006, 100511, 2013061, '2019-08-31', '2019-09-03', 1004),
(2007, 100554, 2013083, '2020-01-19', '2020-01-22', 1008),
(2008, 100447, 2013177, '2018-08-15', '2018-08-18', 1006),
(2009, 100131, 2013006, '2019-03-14', '2019-03-17', 1008),
(2010, 100234, 2013005, '2019-01-23', '2019-01-26', 1006),
(2011, 100417, 2013098, '2018-03-08', '2018-03-11', 1003),
(2012, 100083, 2013117, '2019-11-24', '2019-11-27', 1008),
(2013, 100623, 2013081, '2019-05-16', '2019-05-19', 1010),
(2014, 100665, 2013068, '2018-12-21', '2018-12-24', 1001),
(2015, 100248, 2013081, '2020-02-13', '2020-02-16', 1009),
(2016, 100459, 2013125, '2018-10-07', '2018-10-10', 1005),
(2017, 100137, 2013093, '2018-07-09', '2018-07-12', 1002),
(2018, 100683, 2013186, '2018-10-25', '2018-10-28', 1007),
(2019, 100270, 2013139, '2020-01-01', '2020-01-04', 1008),
(2020, 100157, 2013180, '2020-01-13', '2020-01-16', 1002),
(2021, 100560, 2013046, '2019-03-12', '2019-03-15', 1009),
(2022, 100455, 2013080, '2019-04-09', '2019-04-12', 1006),
(2023, 100678, 2013113, '2018-01-13', '2018-01-16', 1007),
(2024, 100342, 2013155, '2018-01-27', '2018-01-30', 1007),
(2025, 100372, 2013034, '2018-07-02', '2018-07-05', 1008),
(2026, 100199, 2013019, '2018-05-02', '2018-05-05', 1002),
(2027, 100011, 2013200, '2019-04-10', '2019-04-13', 1009),
(2028, 100123, 2013122, '2020-01-03', '2020-01-06', 1006),
(2029, 100624, 2013104, '2018-06-07', '2018-06-10', 1007),
(2030, 100642, 2013027, '2019-08-22', '2019-08-25', 1005),
(2031, 100114, 2013148, '2019-06-19', '2019-06-22', 1005),
(2032, 100318, 2013042, '2020-02-14', '2020-02-17', 1007),
(2033, 100384, 2013096, '2020-02-15', '2020-02-18', 1003),
(2034, 100112, 2013045, '2018-04-05', '2018-04-08', 1005),
(2035, 100288, 2013169, '2018-04-19', '2018-04-22', 1009),
(2036, 100540, 2013108, '2018-10-24', '2018-10-27', 1003),
(2037, 100214, 2013092, '2020-01-04', '2020-01-07', 1002),
(2038, 100276, 2013097, '2019-08-22', '2019-08-25', 1003),
(2039, 100463, 2013052, '2018-11-30', '2018-12-03', 1002),
(2040, 100120, 2013004, '2018-01-19', '2018-01-22', 1009),
(2041, 100243, 2013038, '2019-05-31', '2019-06-03', 1009),
(2042, 100007, 2013179, '2019-04-14', '2019-04-17', 1003),
(2043, 100566, 2013166, '2019-10-02', '2019-10-05', 1006),
(2044, 100038, 2013078, '2019-09-25', '2019-09-28', 1009),
(2045, 100090, 2013020, '2019-11-14', '2019-11-17', 1006),
(2046, 100241, 2013190, '2018-10-02', '2018-10-05', 1007),
(2047, 100661, 2013192, '2018-09-19', '2018-09-22', 1002),
(2048, 100374, 2013074, '2019-11-27', '2019-11-30', 1007),
(2049, 100536, 2013101, '2018-04-29', '2018-05-02', 1006),
(2050, 100076, 2013140, '2018-12-21', '2018-12-24', 1002),
(2051, 100348, 2013164, '2018-04-19', '2018-04-22', 1008),
(2052, 100576, 2013095, '2018-03-23', '2018-03-26', 1004),
(2053, 100077, 2013156, '2019-12-13', '2019-12-16', 1009),
(2054, 100388, 2013170, '2019-11-26', '2019-11-29', 1004),
(2055, 100606, 2013136, '2019-08-13', '2019-08-16', 1004),
(2056, 100691, 2013083, '2019-10-24', '2019-10-27', 1003),
(2057, 100152, 2013063, '2019-08-16', '2019-08-19', 1008),
(2058, 100238, 2013158, '2018-06-23', '2018-06-26', 1008),
(2059, 100090, 2013016, '2019-04-24', '2019-04-27', 1004),
(2060, 100334, 2013163, '2019-11-28', '2019-12-01', 1006),
(2061, 100565, 2013194, '2018-03-12', '2018-03-15', 1001),
(2062, 100448, 2013200, '2018-01-03', '2018-01-06', 1001),
(2063, 100341, 2013051, '2019-04-28', '2019-05-01', 1002),
(2064, 100243, 2013156, '2020-02-28', '2020-03-02', 1003),
(2065, 100548, 2013169, '2019-05-13', '2019-05-16', 1004),
(2066, 100453, 2013041, '2018-11-19', '2018-11-22', 1010),
(2067, 100651, 2013044, '2018-08-13', '2018-08-16', 1005),
(2068, 100510, 2013083, '2020-01-16', '2020-01-19', 1006),
(2069, 100193, 2013136, '2018-03-20', '2018-03-23', 1004),
(2070, 100607, 2013180, '2018-11-16', '2018-11-19', 1008),
(2071, 100136, 2013177, '2018-04-26', '2018-04-29', 1003),
(2072, 100211, 2013039, '2018-11-22', '2018-11-25', 1002),
(2073, 100598, 2013199, '2018-10-15', '2018-10-18', 1006),
(2074, 100475, 2013152, '2018-04-11', '2018-04-14', 1006),
(2075, 100276, 2013079, '2019-02-23', '2019-02-26', 1005),
(2076, 100346, 2013141, '2018-10-27', '2018-10-30', 1003),
(2077, 100285, 2013123, '2019-05-23', '2019-05-26', 1006),
(2078, 100169, 2013132, '2020-02-15', '2020-02-18', 1009),
(2079, 100008, 2013014, '2018-12-15', '2018-12-18', 1008),
(2080, 100132, 2013120, '2018-05-26', '2018-05-29', 1003),
(2081, 100642, 2013192, '2019-01-19', '2019-01-22', 1001),
(2082, 100396, 2013034, '2019-02-17', '2019-02-20', 1009),
(2083, 100006, 2013074, '2019-04-11', '2019-04-14', 1004),
(2084, 100523, 2013174, '2018-08-21', '2018-08-24', 1005),
(2085, 100533, 2013100, '2019-02-09', '2019-02-12', 1006),
(2086, 100236, 2013113, '2019-07-01', '2019-07-04', 1002),
(2087, 100098, 2013024, '2019-09-24', '2019-09-27', 1009),
(2088, 100033, 2013193, '2018-07-08', '2018-07-11', 1009),
(2089, 100361, 2013014, '2019-03-01', '2019-03-04', 1006),
(2090, 100641, 2013040, '2018-07-19', '2018-07-22', 1007),
(2091, 100370, 2013090, '2018-08-16', '2018-08-19', 1007),
(2092, 100575, 2013006, '2019-03-11', '2019-03-14', 1006),
(2093, 100604, 2013154, '2019-03-02', '2019-03-05', 1009),
(2094, 100097, 2013033, '2020-01-19', '2020-01-22', 1008),
(2095, 100282, 2013122, '2019-10-28', '2019-10-31', 1004),
(2096, 100694, 2013029, '2018-07-12', '2018-07-15', 1004),
(2097, 100081, 2013141, '2020-01-08', '2020-01-11', 1007),
(2098, 100664, 2013143, '2019-02-13', '2019-02-16', 1002),
(2099, 100423, 2013161, '2018-06-07', '2018-06-10', 1006),
(2100, 100553, 2013183, '2019-04-09', '2019-04-12', 1002),
(2101, 100406, 2013153, '2018-10-29', '2018-11-01', 1008),
(2102, 100231, 2013044, '2019-06-17', '2019-06-20', 1008),
(2103, 100542, 2013054, '2019-10-26', '2019-10-29', 1009),
(2104, 100390, 2013062, '2019-05-17', '2019-05-20', 1003),
(2105, 100451, 2013144, '2018-02-12', '2018-02-15', 1002),
(2106, 100095, 2013105, '2018-12-27', '2018-12-30', 1006),
(2107, 100003, 2013181, '2018-12-04', '2018-12-07', 1004),
(2108, 100632, 2013097, '2019-11-13', '2019-11-16', 1009),
(2109, 100202, 2013017, '2018-04-29', '2018-05-02', 1007),
(2110, 100583, 2013063, '2019-10-15', '2019-10-18', 1008),
(2111, 100069, 2013040, '2018-10-11', '2018-10-14', 1004),
(2112, 100612, 2013160, '2018-08-25', '2018-08-28', 1006),
(2113, 100012, 2013143, '2019-02-09', '2019-02-12', 1003),
(2114, 100047, 2013079, '2018-06-08', '2018-06-11', 1008),
(2115, 100587, 2013158, '2019-08-06', '2019-08-09', 1004),
(2116, 100244, 2013047, '2019-03-15', '2019-03-18', 1008),
(2117, 100457, 2013103, '2019-04-14', '2019-04-17', 1007),
(2118, 100121, 2013010, '2018-09-29', '2018-10-02', 1006),
(2119, 100466, 2013108, '2018-08-05', '2018-08-08', 1004),
(2120, 100297, 2013036, '2019-10-25', '2019-10-28', 1002),
(2121, 100491, 2013134, '2018-09-10', '2018-09-13', 1002),
(2122, 100080, 2013020, '2019-08-17', '2019-08-20', 1010),
(2123, 100319, 2013117, '2018-12-02', '2018-12-05', 1002),
(2124, 100420, 2013017, '2019-01-01', '2019-01-04', 1007),
(2125, 100467, 2013118, '2020-02-28', '2020-03-02', 1004),
(2126, 100498, 2013165, '2018-03-22', '2018-03-25', 1003),
(2127, 100321, 2013195, '2019-12-27', '2019-12-30', 1007),
(2128, 100535, 2013141, '2020-02-18', '2020-02-21', 1010),
(2129, 100677, 2013183, '2019-08-20', '2019-08-23', 1009),
(2130, 100681, 2013184, '2018-09-28', '2018-10-01', 1008),
(2131, 100402, 2013059, '2019-03-29', '2019-04-01', 1009),
(2132, 100678, 2013165, '2018-11-17', '2018-11-20', 1001),
(2133, 100485, 2013087, '2019-04-09', '2019-04-12', 1004),
(2134, 100219, 2013157, '2020-02-23', '2020-02-26', 1004),
(2135, 100618, 2013185, '2019-09-11', '2019-09-14', 1009),
(2136, 100268, 2013019, '2019-11-01', '2019-11-04', 1009),
(2137, 100270, 2013051, '2019-04-09', '2019-04-12', 1002),
(2138, 100137, 2013165, '2019-04-25', '2019-04-28', 1003),
(2139, 100302, 2013067, '2018-07-18', '2018-07-21', 1002),
(2140, 100398, 2013138, '2018-03-04', '2018-03-07', 1002),
(2141, 100518, 2013042, '2018-06-05', '2018-06-08', 1008),
(2142, 100311, 2013160, '2018-07-31', '2018-08-03', 1002),
(2143, 100073, 2013038, '2019-04-25', '2019-04-28', 1003),
(2144, 100045, 2013045, '2018-04-08', '2018-04-11', 1005),
(2145, 100562, 2013118, '2018-06-30', '2018-07-03', 1005),
(2146, 100487, 2013173, '2019-02-25', '2019-02-28', 1003),
(2147, 100518, 2013103, '2019-08-02', '2019-08-05', 1009),
(2148, 100659, 2013153, '2020-01-08', '2020-01-11', 1009),
(2149, 100634, 2013034, '2019-03-31', '2019-04-03', 1006),
(2150, 100415, 2013040, '2018-01-27', '2018-01-30', 1005),
(2151, 100518, 2013068, '2018-07-29', '2018-08-01', 1001),
(2152, 100407, 2013193, '2018-08-27', '2018-08-30', 1010),
(2153, 100078, 2013091, '2018-09-11', '2018-09-14', 1004),
(2154, 100456, 2013177, '2019-07-20', '2019-07-23', 1002),
(2155, 100174, 2013059, '2019-12-21', '2019-12-24', 1010),
(2156, 100390, 2013021, '2018-10-24', '2018-10-27', 1003),
(2157, 100454, 2013141, '2018-05-09', '2018-05-12', 1009),
(2158, 100139, 2013016, '2018-12-17', '2018-12-20', 1001),
(2159, 100096, 2013087, '2019-10-09', '2019-10-12', 1010),
(2160, 100527, 2013049, '2020-01-08', '2020-01-11', 1002),
(2161, 100199, 2013077, '2019-11-07', '2019-11-10', 1002),
(2162, 100111, 2013162, '2018-06-24', '2018-06-27', 1001),
(2163, 100121, 2013171, '2020-02-01', '2020-02-04', 1005),
(2164, 100464, 2013184, '2020-01-31', '2020-02-03', 1006),
(2165, 100095, 2013122, '2020-01-07', '2020-01-10', 1010),
(2166, 100453, 2013046, '2019-11-16', '2019-11-19', 1004),
(2167, 100458, 2013054, '2020-01-18', '2020-01-21', 1005),
(2168, 100303, 2013171, '2020-01-13', '2020-01-16', 1001),
(2169, 100426, 2013140, '2018-04-02', '2018-04-05', 1007),
(2170, 100030, 2013186, '2018-07-17', '2018-07-20', 1008),
(2171, 100260, 2013133, '2019-06-14', '2019-06-17', 1006),
(2172, 100247, 2013113, '2018-06-15', '2018-06-18', 1007),
(2173, 100670, 2013155, '2018-08-01', '2018-08-04', 1007),
(2174, 100169, 2013087, '2019-11-22', '2019-11-25', 1009),
(2175, 100388, 2013200, '2018-01-09', '2018-01-12', 1006),
(2176, 100380, 2013005, '2019-01-16', '2019-01-19', 1006),
(2177, 100277, 2013156, '2018-10-29', '2018-11-01', 1005),
(2178, 100499, 2013102, '2018-08-21', '2018-08-24', 1009),
(2179, 100350, 2013146, '2019-05-28', '2019-05-31', 1007),
(2180, 100161, 2013099, '2019-12-22', '2019-12-25', 1003),
(2181, 100366, 2013062, '2019-01-02', '2019-01-05', 1006),
(2182, 100287, 2013102, '2019-07-08', '2019-07-11', 1004),
(2183, 100629, 2013041, '2018-05-11', '2018-05-14', 1003),
(2184, 100179, 2013057, '2018-04-18', '2018-04-21', 1006),
(2185, 100228, 2013197, '2018-03-14', '2018-03-17', 1001),
(2186, 100159, 2013196, '2019-01-20', '2019-01-23', 1005),
(2187, 100434, 2013080, '2018-05-01', '2018-05-04', 1008),
(2188, 100246, 2013098, '2018-07-06', '2018-07-09', 1005),
(2189, 100245, 2013134, '2018-02-14', '2018-02-17', 1005),
(2190, 100588, 2013033, '2018-11-04', '2018-11-07', 1006),
(2191, 100346, 2013112, '2019-01-06', '2019-01-09', 1008),
(2192, 100507, 2013167, '2019-02-23', '2019-02-26', 1003),
(2193, 100034, 2013184, '2018-02-12', '2018-02-15', 1002),
(2194, 100338, 2013028, '2018-06-30', '2018-07-03', 1004),
(2195, 100467, 2013199, '2018-02-13', '2018-02-16', 1002),
(2196, 100676, 2013188, '2018-02-15', '2018-02-18', 1006),
(2197, 100705, 2013044, '2019-06-25', '2019-06-28', 1009),
(2198, 100020, 2013055, '2019-04-03', '2019-04-06', 1003),
(2199, 100494, 2013091, '2019-05-25', '2019-05-28', 1007),
(2200, 100519, 2013109, '2018-05-29', '2018-06-01', 1008),
(2201, 100272, 2013076, '2018-05-02', '2018-05-05', 1007),
(2202, 100176, 2013185, '2019-11-11', '2019-11-14', 1009),
(2203, 100038, 2013009, '2018-08-04', '2018-08-07', 1004),
(2204, 100221, 2013126, '2018-07-13', '2018-07-16', 1002),
(2205, 100014, 2013085, '2018-06-07', '2018-06-10', 1005),
(2206, 100053, 2013069, '2018-01-07', '2018-01-10', 1009),
(2207, 100392, 2013108, '2018-05-28', '2018-05-31', 1005),
(2208, 100583, 2013056, '2019-02-03', '2019-02-06', 1007),
(2209, 100395, 2013078, '2018-07-28', '2018-07-31', 1003),
(2210, 100704, 2013053, '2018-08-26', '2018-08-29', 1006),
(2211, 100598, 2013033, '2019-01-17', '2019-01-20', 1004),
(2212, 100030, 2013174, '2019-05-26', '2019-05-29', 1005),
(2213, 100278, 2013055, '2018-12-13', '2018-12-16', 1007),
(2214, 100152, 2013021, '2018-02-21', '2018-02-24', 1010),
(2215, 100356, 2013127, '2020-02-16', '2020-02-19', 1009),
(2216, 100160, 2013023, '2020-01-29', '2020-02-01', 1009),
(2217, 100338, 2013178, '2020-01-10', '2020-01-13', 1008),
(2218, 100140, 2013084, '2018-11-21', '2018-11-24', 1009),
(2219, 100246, 2013134, '2019-05-18', '2019-05-21', 1004),
(2220, 100332, 2013101, '2019-03-20', '2019-03-23', 1001),
(2221, 100101, 2013100, '2018-02-19', '2018-02-22', 1008),
(2222, 100190, 2013068, '2018-12-22', '2018-12-25', 1002),
(2223, 100081, 2013135, '2019-03-27', '2019-03-30', 1004),
(2224, 100270, 2013007, '2019-01-02', '2019-01-05', 1006),
(2225, 100541, 2013192, '2019-11-13', '2019-11-16', 1009),
(2226, 100672, 2013064, '2019-05-20', '2019-05-23', 1002),
(2227, 100651, 2013164, '2018-06-24', '2018-06-27', 1009),
(2228, 100643, 2013054, '2019-09-23', '2019-09-26', 1007),
(2229, 100700, 2013026, '2018-10-08', '2018-10-11', 1010),
(2230, 100495, 2013156, '2018-05-13', '2018-05-16', 1003),
(2231, 100671, 2013173, '2018-01-19', '2018-01-22', 1003),
(2232, 100312, 2013106, '2018-11-06', '2018-11-09', 1001),
(2233, 100046, 2013171, '2019-09-09', '2019-09-12', 1001),
(2234, 100321, 2013054, '2018-11-12', '2018-11-15', 1008),
(2235, 100622, 2013181, '2018-01-31', '2018-02-03', 1002),
(2236, 100428, 2013154, '2020-01-01', '2020-01-04', 1009),
(2237, 100401, 2013122, '2018-02-05', '2018-02-08', 1007),
(2238, 100530, 2013018, '2020-02-18', '2020-02-21', 1002),
(2239, 100287, 2013141, '2018-11-11', '2018-11-14', 1002),
(2240, 100619, 2013158, '2019-05-05', '2019-05-08', 1008),
(2241, 100037, 2013090, '2019-12-26', '2019-12-29', 1002),
(2242, 100701, 2013172, '2020-01-17', '2020-01-20', 1005),
(2243, 100413, 2013075, '2019-10-14', '2019-10-17', 1003),
(2244, 100393, 2013041, '2019-08-13', '2019-08-16', 1003),
(2245, 100431, 2013170, '2018-02-14', '2018-02-17', 1004),
(2246, 100292, 2013155, '2019-12-11', '2019-12-14', 1007),
(2247, 100101, 2013088, '2018-02-20', '2018-02-23', 1001),
(2248, 100239, 2013047, '2019-02-16', '2019-02-19', 1004),
(2249, 100521, 2013190, '2018-11-05', '2018-11-08', 1008),
(2250, 100407, 2013158, '2018-04-19', '2018-04-22', 1001),
(2251, 100569, 2013041, '2018-01-21', '2018-01-24', 1004),
(2252, 100656, 2013033, '2019-03-02', '2019-03-05', 1002),
(2253, 100098, 2013138, '2018-08-14', '2018-08-17', 1008),
(2254, 100291, 2013099, '2019-08-04', '2019-08-07', 1001),
(2255, 100172, 2013192, '2019-01-18', '2019-01-21', 1005),
(2256, 100646, 2013165, '2019-04-25', '2019-04-28', 1003),
(2257, 100171, 2013110, '2018-04-01', '2018-04-04', 1008),
(2258, 100057, 2013177, '2018-07-25', '2018-07-28', 1009),
(2259, 100579, 2013151, '2019-02-12', '2019-02-15', 1009),
(2260, 100046, 2013094, '2018-09-03', '2018-09-06', 1008),
(2261, 100028, 2013108, '2020-02-19', '2020-02-22', 1004),
(2262, 100344, 2013130, '2019-11-17', '2019-11-20', 1008),
(2263, 100097, 2013063, '2018-04-17', '2018-04-20', 1008),
(2264, 100031, 2013018, '2019-12-31', '2020-01-03', 1005),
(2265, 100264, 2013043, '2019-04-14', '2019-04-17', 1007),
(2266, 100048, 2013155, '2018-11-16', '2018-11-19', 1007),
(2267, 100067, 2013119, '2018-06-25', '2018-06-28', 1007),
(2268, 100346, 2013142, '2019-11-12', '2019-11-15', 1009),
(2269, 100570, 2013102, '2019-02-22', '2019-02-25', 1006),
(2270, 100172, 2013025, '2018-08-16', '2018-08-19', 1009),
(2271, 100039, 2013174, '2018-02-11', '2018-02-14', 1004),
(2272, 100343, 2013018, '2019-04-28', '2019-05-01', 1009),
(2273, 100122, 2013033, '2019-07-29', '2019-08-01', 1005),
(2274, 100246, 2013007, '2019-10-24', '2019-10-27', 1006),
(2275, 100629, 2013050, '2019-01-24', '2019-01-27', 1003),
(2276, 100431, 2013173, '2019-03-10', '2019-03-13', 1002),
(2277, 100340, 2013048, '2018-04-16', '2018-04-19', 1010),
(2278, 100154, 2013099, '2018-05-30', '2018-06-02', 1007),
(2279, 100692, 2013067, '2019-03-02', '2019-03-05', 1005),
(2280, 100525, 2013107, '2020-01-04', '2020-01-07', 1006),
(2281, 100467, 2013152, '2019-04-12', '2019-04-15', 1007),
(2282, 100668, 2013132, '2018-03-04', '2018-03-07', 1002),
(2283, 100556, 2013021, '2019-11-06', '2019-11-09', 1005),
(2284, 100313, 2013103, '2018-04-01', '2018-04-04', 1004),
(2285, 100336, 2013013, '2019-07-27', '2019-07-30', 1001),
(2286, 100694, 2013091, '2019-05-22', '2019-05-25', 1004),
(2287, 100319, 2013028, '2018-08-21', '2018-08-24', 1005),
(2288, 100609, 2013046, '2018-07-29', '2018-08-01', 1007),
(2289, 100439, 2013114, '2018-09-27', '2018-09-30', 1003),
(2290, 100705, 2013016, '2018-06-29', '2018-07-02', 1006),
(2291, 100479, 2013085, '2018-04-07', '2018-04-10', 1002),
(2292, 100705, 2013151, '2019-05-25', '2019-05-28', 1001),
(2293, 100058, 2013175, '2020-02-12', '2020-02-15', 1003),
(2294, 100500, 2013011, '2018-06-22', '2018-06-25', 1001),
(2295, 100287, 2013048, '2018-05-21', '2018-05-24', 1006),
(2296, 100244, 2013158, '2019-08-21', '2019-08-24', 1003),
(2297, 100275, 2013152, '2019-09-19', '2019-09-22', 1009),
(2298, 100121, 2013067, '2018-09-18', '2018-09-21', 1005),
(2299, 100242, 2013137, '2018-04-22', '2018-04-25', 1006),
(2300, 100017, 2013115, '2019-01-26', '2019-01-29', 1003),
(2301, 100163, 2013199, '2019-04-29', '2019-05-02', 1005),
(2302, 100095, 2013148, '2019-07-31', '2019-08-03', 1007),
(2303, 100670, 2013023, '2019-01-24', '2019-01-27', 1006),
(2304, 100565, 2013072, '2018-11-10', '2018-11-13', 1008),
(2305, 100189, 2013125, '2019-03-19', '2019-03-22', 1005),
(2306, 100192, 2013148, '2020-02-07', '2020-02-10', 1006),
(2307, 100522, 2013160, '2020-02-19', '2020-02-22', 1004),
(2308, 100495, 2013197, '2019-03-28', '2019-03-31', 1008),
(2309, 100343, 2013033, '2019-11-22', '2019-11-25', 1004),
(2310, 100091, 2013103, '2018-11-21', '2018-11-24', 1007),
(2311, 100604, 2013100, '2019-12-01', '2019-12-04', 1002),
(2312, 100669, 2013037, '2018-10-02', '2018-10-05', 1004),
(2313, 100483, 2013102, '2019-02-14', '2019-02-17', 1002),
(2314, 100035, 2013198, '2019-12-16', '2019-12-19', 1004),
(2315, 100250, 2013006, '2018-05-06', '2018-05-09', 1010),
(2316, 100547, 2013112, '2019-07-15', '2019-07-18', 1009),
(2317, 100285, 2013056, '2019-02-23', '2019-02-26', 1006),
(2318, 100666, 2013182, '2019-12-12', '2019-12-15', 1004),
(2319, 100217, 2013081, '2019-04-16', '2019-04-19', 1005),
(2320, 100563, 2013029, '2018-05-20', '2018-05-23', 1002),
(2321, 100361, 2013144, '2018-07-27', '2018-07-30', 1010),
(2322, 100579, 2013050, '2019-01-13', '2019-01-16', 1004),
(2323, 100438, 2013160, '2019-04-30', '2019-05-03', 1006),
(2324, 100502, 2013143, '2019-01-18', '2019-01-21', 1006),
(2325, 100244, 2013191, '2018-05-20', '2018-05-23', 1003),
(2326, 100448, 2013092, '2019-01-18', '2019-01-21', 1002),
(2327, 100289, 2013178, '2018-11-30', '2018-12-03', 1007),
(2328, 100509, 2013126, '2018-06-06', '2018-06-09', 1004),
(2329, 100606, 2013111, '2019-06-18', '2019-06-21', 1006),
(2330, 100573, 2013184, '2018-02-12', '2018-02-15', 1007),
(2331, 100089, 2013113, '2019-11-03', '2019-11-06', 1005),
(2332, 100149, 2013114, '2019-12-28', '2019-12-31', 1005),
(2333, 100377, 2013109, '2018-07-25', '2018-07-28', 1005),
(2334, 100143, 2013021, '2018-10-02', '2018-10-05', 1006),
(2335, 100705, 2013131, '2019-01-12', '2019-01-15', 1002),
(2336, 100699, 2013080, '2018-10-31', '2018-11-03', 1003),
(2337, 100465, 2013191, '2018-06-12', '2018-06-15', 1009),
(2338, 100418, 2013146, '2018-05-23', '2018-05-26', 1007),
(2339, 100124, 2013034, '2018-03-03', '2018-03-06', 1007),
(2340, 100350, 2013182, '2018-10-09', '2018-10-12', 1009),
(2341, 100156, 2013121, '2018-11-09', '2018-11-12', 1007),
(2342, 100087, 2013109, '2018-04-06', '2018-04-09', 1007),
(2343, 100528, 2013142, '2019-09-28', '2019-10-01', 1003),
(2344, 100354, 2013169, '2019-06-29', '2019-07-02', 1005),
(2345, 100141, 2013091, '2019-08-03', '2019-08-06', 1007),
(2346, 100555, 2013088, '2018-02-08', '2018-02-11', 1005),
(2347, 100317, 2013142, '2019-05-29', '2019-06-01', 1009),
(2348, 100501, 2013041, '2018-02-15', '2018-02-18', 1009),
(2349, 100447, 2013036, '2019-04-11', '2019-04-14', 1009),
(2350, 100428, 2013109, '2019-07-07', '2019-07-10', 1009),
(2351, 100447, 2013052, '2019-02-21', '2019-02-24', 1008),
(2352, 100385, 2013009, '2018-08-14', '2018-08-17', 1009),
(2353, 100563, 2013160, '2019-05-22', '2019-05-25', 1003),
(2354, 100108, 2013108, '2019-02-04', '2019-02-07', 1007),
(2355, 100581, 2013195, '2019-09-15', '2019-09-18', 1007),
(2356, 100371, 2013084, '2018-07-05', '2018-07-08', 1006),
(2357, 100323, 2013129, '2019-11-27', '2019-11-30', 1003),
(2358, 100513, 2013169, '2019-12-15', '2019-12-18', 1005),
(2359, 100631, 2013151, '2019-06-27', '2019-06-30', 1010),
(2360, 100257, 2013014, '2019-01-09', '2019-01-12', 1004),
(2361, 100340, 2013009, '2018-06-22', '2018-06-25', 1005),
(2362, 100185, 2013124, '2018-11-12', '2018-11-15', 1007),
(2363, 100579, 2013178, '2018-04-26', '2018-04-29', 1009),
(2364, 100662, 2013107, '2020-02-11', '2020-02-14', 1003),
(2365, 100233, 2013104, '2019-11-13', '2019-11-16', 1007),
(2366, 100267, 2013079, '2019-05-25', '2019-05-28', 1007),
(2367, 100213, 2013154, '2019-09-30', '2019-10-03', 1002),
(2368, 100121, 2013070, '2018-04-12', '2018-04-15', 1010),
(2369, 100038, 2013137, '2018-06-06', '2018-06-09', 1008),
(2370, 100241, 2013186, '2019-01-18', '2019-01-21', 1008),
(2371, 100175, 2013068, '2019-01-06', '2019-01-09', 1007),
(2372, 100308, 2013160, '2018-03-09', '2018-03-12', 1005),
(2373, 100706, 2013178, '2019-05-23', '2019-05-26', 1007),
(2374, 100485, 2013122, '2019-04-15', '2019-04-18', 1001),
(2375, 100257, 2013147, '2018-03-19', '2018-03-22', 1008),
(2376, 100393, 2013086, '2018-08-02', '2018-08-05', 1006),
(2377, 100579, 2013035, '2018-03-18', '2018-03-21', 1006),
(2378, 100189, 2013020, '2018-01-10', '2018-01-13', 1001),
(2379, 100056, 2013154, '2018-11-24', '2018-11-27', 1008),
(2380, 100162, 2013120, '2018-11-24', '2018-11-27', 1008),
(2381, 100595, 2013147, '2018-09-16', '2018-09-19', 1009),
(2382, 100031, 2013060, '2018-07-22', '2018-07-25', 1002),
(2383, 100009, 2013152, '2018-10-19', '2018-10-22', 1008),
(2384, 100411, 2013197, '2020-02-19', '2020-02-22', 1010),
(2385, 100121, 2013113, '2018-11-29', '2018-12-02', 1003),
(2386, 100208, 2013024, '2019-05-18', '2019-05-21', 1009),
(2387, 100274, 2013025, '2018-08-25', '2018-08-28', 1004),
(2388, 100696, 2013078, '2019-03-02', '2019-03-05', 1002),
(2389, 100161, 2013050, '2018-01-19', '2018-01-22', 1007),
(2390, 100664, 2013020, '2019-06-16', '2019-06-19', 1004),
(2391, 100026, 2013102, '2019-06-12', '2019-06-15', 1002),
(2392, 100311, 2013175, '2018-07-11', '2018-07-14', 1004),
(2393, 100356, 2013045, '2018-11-27', '2018-11-30', 1003),
(2394, 100337, 2013200, '2018-07-04', '2018-07-07', 1006),
(2395, 100514, 2013062, '2018-01-15', '2018-01-18', 1008),
(2396, 100683, 2013073, '2018-12-13', '2018-12-16', 1003),
(2397, 100561, 2013081, '2018-08-09', '2018-08-12', 1008),
(2398, 100188, 2013051, '2019-05-20', '2019-05-23', 1005),
(2399, 100131, 2013141, '2018-03-02', '2018-03-05', 1006),
(2400, 100137, 2013038, '2019-07-09', '2019-07-12', 1009),
(2401, 100229, 2013078, '2019-07-21', '2019-07-24', 1008),
(2402, 100326, 2013136, '2019-03-18', '2019-03-21', 1010),
(2403, 100365, 2013151, '2019-08-03', '2019-08-06', 1009),
(2404, 100092, 2013156, '2018-01-20', '2018-01-23', 1008),
(2405, 100518, 2013166, '2018-05-01', '2018-05-04', 1003),
(2406, 100488, 2013047, '2019-07-05', '2019-07-08', 1001),
(2407, 100538, 2013081, '2019-03-01', '2019-03-04', 1008),
(2408, 100472, 2013177, '2018-10-14', '2018-10-17', 1002),
(2409, 100029, 2013163, '2018-07-22', '2018-07-25', 1009),
(2410, 100615, 2013076, '2018-04-18', '2018-04-21', 1003),
(2411, 100277, 2013153, '2019-12-06', '2019-12-09', 1006),
(2412, 100331, 2013168, '2019-11-04', '2019-11-07', 1002),
(2413, 100091, 2013099, '2019-06-28', '2019-07-01', 1005),
(2414, 100679, 2013080, '2019-08-06', '2019-08-09', 1002),
(2415, 100510, 2013078, '2018-09-12', '2018-09-15', 1001),
(2416, 100158, 2013157, '2019-09-08', '2019-09-11', 1007),
(2417, 100469, 2013016, '2019-06-22', '2019-06-25', 1007),
(2418, 100283, 2013112, '2018-03-18', '2018-03-21', 1009),
(2419, 100228, 2013097, '2020-02-20', '2020-02-23', 1005),
(2420, 100431, 2013143, '2019-11-15', '2019-11-18', 1003),
(2421, 100180, 2013191, '2018-01-09', '2018-01-12', 1002),
(2422, 100339, 2013010, '2019-07-03', '2019-07-06', 1008),
(2423, 100011, 2013187, '2019-06-17', '2019-06-20', 1003),
(2424, 100486, 2013075, '2018-08-24', '2018-08-27', 1005),
(2425, 100324, 2013184, '2018-04-26', '2018-04-29', 1007),
(2426, 100292, 2013166, '2018-08-30', '2018-09-02', 1006),
(2427, 100635, 2013196, '2019-08-25', '2019-08-28', 1009),
(2428, 100455, 2013149, '2018-10-15', '2018-10-18', 1006),
(2429, 100281, 2013039, '2018-02-14', '2018-02-17', 1008),
(2430, 100569, 2013042, '2020-01-12', '2020-01-15', 1006),
(2431, 100008, 2013195, '2018-08-12', '2018-08-15', 1002),
(2432, 100170, 2013140, '2018-02-20', '2018-02-23', 1008),
(2433, 100229, 2013106, '2019-12-11', '2019-12-14', 1002),
(2434, 100676, 2013188, '2019-05-13', '2019-05-16', 1003),
(2435, 100204, 2013020, '2019-03-04', '2019-03-07', 1006),
(2436, 100430, 2013167, '2018-07-24', '2018-07-27', 1008),
(2437, 100120, 2013139, '2018-01-27', '2018-01-30', 1002),
(2438, 100509, 2013192, '2019-03-23', '2019-03-26', 1004),
(2439, 100546, 2013114, '2019-12-20', '2019-12-23', 1004),
(2440, 100267, 2013066, '2019-05-25', '2019-05-28', 1003),
(2441, 100540, 2013181, '2018-05-15', '2018-05-18', 1003),
(2442, 100610, 2013072, '2018-01-03', '2018-01-06', 1006),
(2443, 100353, 2013008, '2019-06-20', '2019-06-23', 1002),
(2444, 100525, 2013192, '2019-02-13', '2019-02-16', 1003),
(2445, 100685, 2013005, '2018-06-22', '2018-06-25', 1005),
(2446, 100188, 2013086, '2019-05-21', '2019-05-24', 1006),
(2447, 100039, 2013073, '2018-08-20', '2018-08-23', 1004),
(2448, 100373, 2013127, '2018-04-13', '2018-04-16', 1007),
(2449, 100216, 2013178, '2019-07-24', '2019-07-27', 1009),
(2450, 100090, 2013186, '2018-11-04', '2018-11-07', 1003),
(2451, 100088, 2013014, '2019-07-17', '2019-07-20', 1005),
(2452, 100197, 2013135, '2018-03-28', '2018-03-31', 1007),
(2453, 100571, 2013038, '2019-12-19', '2019-12-22', 1006),
(2454, 100195, 2013149, '2019-07-11', '2019-07-14', 1006),
(2455, 100231, 2013108, '2018-05-13', '2018-05-16', 1004),
(2456, 100513, 2013009, '2018-07-22', '2018-07-25', 1003),
(2457, 100056, 2013177, '2019-02-22', '2019-02-25', 1009),
(2458, 100267, 2013012, '2019-03-06', '2019-03-09', 1003),
(2459, 100507, 2013162, '2018-11-24', '2018-11-27', 1004),
(2460, 100033, 2013155, '2018-08-24', '2018-08-27', 1005),
(2461, 100578, 2013162, '2018-01-23', '2018-01-26', 1005),
(2462, 100635, 2013048, '2019-04-11', '2019-04-14', 1006),
(2463, 100214, 2013095, '2020-02-09', '2020-02-12', 1009),
(2464, 100569, 2013051, '2019-01-16', '2019-01-19', 1002),
(2465, 100092, 2013065, '2019-01-15', '2019-01-18', 1009),
(2466, 100320, 2013146, '2019-04-19', '2019-04-22', 1009),
(2467, 100148, 2013200, '2019-02-10', '2019-02-13', 1006),
(2468, 100183, 2013010, '2018-10-07', '2018-10-10', 1009),
(2469, 100028, 2013177, '2019-09-18', '2019-09-21', 1007),
(2470, 100339, 2013149, '2019-05-20', '2019-05-23', 1001),
(2471, 100078, 2013186, '2019-09-13', '2019-09-16', 1008),
(2472, 100584, 2013198, '2018-01-04', '2018-01-07', 1010),
(2473, 100269, 2013129, '2018-01-23', '2018-01-26', 1006),
(2474, 100628, 2013139, '2020-01-02', '2020-01-05', 1006),
(2475, 100672, 2013124, '2018-09-17', '2018-09-20', 1002),
(2476, 100507, 2013096, '2019-07-10', '2019-07-13', 1002),
(2477, 100107, 2013083, '2019-11-26', '2019-11-29', 1006),
(2478, 100131, 2013109, '2018-08-12', '2018-08-15', 1007),
(2479, 100124, 2013075, '2019-07-11', '2019-07-14', 1008),
(2480, 100327, 2013157, '2018-12-26', '2018-12-29', 1001),
(2481, 100466, 2013150, '2020-02-01', '2020-02-04', 1007),
(2482, 100300, 2013128, '2019-02-15', '2019-02-18', 1004),
(2483, 100199, 2013173, '2019-10-08', '2019-10-11', 1003),
(2484, 100435, 2013026, '2019-03-07', '2019-03-10', 1003),
(2485, 100499, 2013101, '2020-01-28', '2020-01-31', 1009),
(2486, 100136, 2013161, '2019-07-28', '2019-07-31', 1009),
(2487, 100218, 2013044, '2019-01-18', '2019-01-21', 1006),
(2488, 100589, 2013052, '2018-05-23', '2018-05-26', 1002),
(2489, 100466, 2013108, '2019-05-02', '2019-05-05', 1007),
(2490, 100036, 2013075, '2019-04-08', '2019-04-11', 1007),
(2491, 100184, 2013081, '2019-10-14', '2019-10-17', 1003),
(2492, 100452, 2013025, '2018-05-03', '2018-05-06', 1003),
(2493, 100402, 2013015, '2019-01-17', '2019-01-20', 1009),
(2494, 100469, 2013078, '2018-04-01', '2018-04-04', 1004),
(2495, 100325, 2013060, '2018-06-29', '2018-07-02', 1003),
(2496, 100025, 2013038, '2019-03-02', '2019-03-05', 1003),
(2497, 100513, 2013026, '2018-09-09', '2018-09-12', 1002),
(2498, 100041, 2013106, '2019-04-10', '2019-04-13', 1005),
(2499, 100134, 2013193, '2019-01-08', '2019-01-11', 1005),
(2500, 100350, 2013016, '2019-05-12', '2019-05-15', 1009),
(2501, 100312, 2013180, '2019-12-21', '2019-12-24', 1003),
(2502, 100235, 2013020, '2019-10-03', '2019-10-06', 1005),
(2503, 100073, 2013027, '2018-10-13', '2018-10-16', 1007),
(2504, 100197, 2013095, '2018-07-28', '2018-07-31', 1003),
(2505, 100496, 2013138, '2018-05-31', '2018-06-03', 1006),
(2506, 100015, 2013155, '2018-03-26', '2018-03-29', 1003),
(2507, 100108, 2013019, '2018-04-24', '2018-04-27', 1008),
(2508, 100355, 2013125, '2018-10-31', '2018-11-03', 1009),
(2509, 100470, 2013165, '2019-09-02', '2019-09-05', 1010),
(2510, 100415, 2013113, '2019-02-03', '2019-02-06', 1009),
(2511, 100285, 2013108, '2019-07-30', '2019-08-02', 1005),
(2512, 100234, 2013020, '2018-11-01', '2018-11-04', 1003),
(2513, 100516, 2013038, '2018-10-26', '2018-10-29', 1002),
(2514, 100247, 2013178, '2018-09-18', '2018-09-21', 1003),
(2515, 100602, 2013101, '2019-11-26', '2019-11-29', 1009),
(2516, 100193, 2013098, '2020-01-05', '2020-01-08', 1004),
(2517, 100187, 2013200, '2019-12-25', '2019-12-28', 1005),
(2518, 100246, 2013131, '2019-08-29', '2019-09-01', 1007),
(2519, 100095, 2013080, '2018-09-15', '2018-09-18', 1008),
(2520, 100501, 2013015, '2019-01-17', '2019-01-20', 1001),
(2521, 100354, 2013030, '2019-03-17', '2019-03-20', 1005),
(2522, 100203, 2013018, '2018-03-05', '2018-03-08', 1004),
(2523, 100398, 2013157, '2018-09-19', '2018-09-22', 1005),
(2524, 100111, 2013083, '2018-04-14', '2018-04-17', 1006),
(2525, 100015, 2013158, '2019-02-19', '2019-02-22', 1006),
(2526, 100342, 2013022, '2018-10-12', '2018-10-15', 1009),
(2527, 100667, 2013047, '2018-02-06', '2018-02-09', 1002),
(2528, 100513, 2013036, '2019-01-06', '2019-01-09', 1007),
(2529, 100107, 2013196, '2018-01-18', '2018-01-21', 1008),
(2530, 100597, 2013042, '2018-07-08', '2018-07-11', 1002),
(2531, 100330, 2013028, '2018-01-19', '2018-01-22', 1007),
(2532, 100648, 2013163, '2018-06-05', '2018-06-08', 1005),
(2533, 100650, 2013179, '2018-01-29', '2018-02-01', 1006),
(2534, 100063, 2013129, '2018-08-03', '2018-08-06', 1005),
(2535, 100191, 2013070, '2018-08-21', '2018-08-24', 1009),
(2536, 100408, 2013063, '2019-03-12', '2019-03-15', 1008),
(2537, 100487, 2013016, '2019-04-04', '2019-04-07', 1002),
(2538, 100640, 2013015, '2019-09-16', '2019-09-19', 1005),
(2539, 100045, 2013167, '2019-02-17', '2019-02-20', 1009),
(2540, 100328, 2013200, '2019-03-17', '2019-03-20', 1001),
(2541, 100115, 2013031, '2019-12-04', '2019-12-07', 1010),
(2542, 100336, 2013140, '2020-02-08', '2020-02-11', 1001),
(2543, 100005, 2013196, '2018-05-09', '2018-05-12', 1005),
(2544, 100064, 2013189, '2019-06-13', '2019-06-16', 1009),
(2545, 100603, 2013063, '2018-01-31', '2018-02-03', 1010),
(2546, 100081, 2013099, '2019-03-29', '2019-04-01', 1002),
(2547, 100556, 2013168, '2018-11-01', '2018-11-04', 1008),
(2548, 100336, 2013057, '2019-12-19', '2019-12-22', 1009),
(2549, 100462, 2013172, '2018-09-16', '2018-09-19', 1006),
(2550, 100183, 2013187, '2019-11-20', '2019-11-23', 1006),
(2551, 100508, 2013166, '2019-08-28', '2019-08-31', 1008),
(2552, 100340, 2013189, '2018-09-02', '2018-09-05', 1006),
(2553, 100067, 2013198, '2019-07-25', '2019-07-28', 1002),
(2554, 100203, 2013103, '2019-10-24', '2019-10-27', 1010),
(2555, 100243, 2013187, '2019-04-10', '2019-04-13', 1006),
(2556, 100170, 2013050, '2018-02-13', '2018-02-16', 1008),
(2557, 100644, 2013176, '2019-12-17', '2019-12-20', 1002),
(2558, 100271, 2013093, '2019-08-21', '2019-08-24', 1001),
(2559, 100596, 2013125, '2018-10-16', '2018-10-19', 1006),
(2560, 100294, 2013075, '2019-02-23', '2019-02-26', 1006),
(2561, 100633, 2013152, '2019-04-14', '2019-04-17', 1010),
(2562, 100072, 2013185, '2019-09-29', '2019-10-02', 1006),
(2563, 100659, 2013158, '2018-11-05', '2018-11-08', 1009),
(2564, 100189, 2013109, '2019-05-03', '2019-05-06', 1007),
(2565, 100592, 2013033, '2019-08-21', '2019-08-24', 1006),
(2566, 100399, 2013023, '2018-02-15', '2018-02-18', 1007),
(2567, 100226, 2013145, '2018-10-15', '2018-10-18', 1008),
(2568, 100281, 2013185, '2018-02-16', '2018-02-19', 1010),
(2569, 100441, 2013117, '2019-03-14', '2019-03-17', 1006),
(2570, 100660, 2013025, '2019-06-03', '2019-06-06', 1008),
(2571, 100302, 2013181, '2019-11-09', '2019-11-12', 1006),
(2572, 100067, 2013053, '2018-01-22', '2018-01-25', 1005),
(2573, 100697, 2013172, '2018-01-01', '2018-01-04', 1007),
(2574, 100522, 2013169, '2018-07-10', '2018-07-13', 1007),
(2575, 100565, 2013145, '2019-08-18', '2019-08-21', 1009),
(2576, 100259, 2013039, '2018-03-29', '2018-04-01', 1001),
(2577, 100126, 2013052, '2018-10-30', '2018-11-02', 1010),
(2578, 100469, 2013031, '2018-06-07', '2018-06-10', 1008),
(2579, 100070, 2013184, '2019-07-27', '2019-07-30', 1008),
(2580, 100687, 2013099, '2019-11-14', '2019-11-17', 1001),
(2581, 100123, 2013016, '2018-07-27', '2018-07-30', 1002),
(2582, 100576, 2013105, '2019-03-09', '2019-03-12', 1002),
(2583, 100380, 2013054, '2019-09-20', '2019-09-23', 1010),
(2584, 100334, 2013037, '2019-03-14', '2019-03-17', 1009),
(2585, 100107, 2013096, '2020-01-30', '2020-02-02', 1009),
(2586, 100367, 2013096, '2019-07-10', '2019-07-13', 1008),
(2587, 100406, 2013078, '2018-06-07', '2018-06-10', 1006),
(2588, 100288, 2013122, '2018-05-10', '2018-05-13', 1004),
(2589, 100258, 2013126, '2019-09-19', '2019-09-22', 1009),
(2590, 100457, 2013187, '2018-07-19', '2018-07-22', 1002),
(2591, 100658, 2013045, '2018-07-06', '2018-07-09', 1003),
(2592, 100130, 2013078, '2019-03-11', '2019-03-14', 1002),
(2593, 100552, 2013169, '2018-11-15', '2018-11-18', 1003),
(2594, 100699, 2013176, '2018-03-26', '2018-03-29', 1009),
(2595, 100612, 2013174, '2019-01-23', '2019-01-26', 1009),
(2596, 100657, 2013130, '2020-01-12', '2020-01-15', 1004),
(2597, 100114, 2013039, '2018-07-09', '2018-07-12', 1010),
(2598, 100141, 2013194, '2018-09-22', '2018-09-25', 1008),
(2599, 100139, 2013198, '2018-11-09', '2018-11-12', 1003),
(2600, 100542, 2013193, '2019-08-26', '2019-08-29', 1005),
(2601, 100306, 2013107, '2018-06-11', '2018-06-14', 1004),
(2602, 100043, 2013085, '2019-09-27', '2019-09-30', 1004),
(2603, 100143, 2013078, '2019-06-08', '2019-06-11', 1001),
(2604, 100390, 2013041, '2018-08-23', '2018-08-26', 1003),
(2605, 100338, 2013050, '2019-01-02', '2019-01-05', 1006),
(2606, 100022, 2013180, '2019-07-13', '2019-07-16', 1008),
(2607, 100425, 2013081, '2019-09-28', '2019-10-01', 1002),
(2608, 100047, 2013101, '2018-07-03', '2018-07-06', 1003),
(2609, 100245, 2013166, '2019-01-14', '2019-01-17', 1006),
(2610, 100030, 2013084, '2018-09-08', '2018-09-11', 1001),
(2611, 100180, 2013058, '2019-01-11', '2019-01-14', 1009),
(2612, 100622, 2013161, '2019-11-23', '2019-11-26', 1008),
(2613, 100576, 2013150, '2018-02-19', '2018-02-22', 1004),
(2614, 100610, 2013009, '2018-05-11', '2018-05-14', 1003),
(2615, 100573, 2013161, '2018-03-22', '2018-03-25', 1002),
(2616, 100664, 2013024, '2019-12-20', '2019-12-23', 1007),
(2617, 100167, 2013120, '2019-05-18', '2019-05-21', 1005),
(2618, 100319, 2013142, '2018-12-08', '2018-12-11', 1005),
(2619, 100207, 2013028, '2019-08-26', '2019-08-29', 1009),
(2620, 100074, 2013029, '2019-12-23', '2019-12-26', 1002),
(2621, 100660, 2013158, '2018-10-26', '2018-10-29', 1007),
(2622, 100209, 2013092, '2018-09-14', '2018-09-17', 1010),
(2623, 100611, 2013144, '2019-06-24', '2019-06-27', 1005),
(2624, 100467, 2013142, '2019-07-08', '2019-07-11', 1006),
(2625, 100458, 2013052, '2019-03-28', '2019-03-31', 1005),
(2626, 100079, 2013175, '2019-10-14', '2019-10-17', 1007),
(2627, 100334, 2013171, '2018-02-02', '2018-02-05', 1008),
(2628, 100404, 2013046, '2019-09-26', '2019-09-29', 1003),
(2629, 100432, 2013020, '2019-10-30', '2019-11-02', 1006),
(2630, 100442, 2013174, '2020-01-23', '2020-01-26', 1007),
(2631, 100529, 2013025, '2019-05-14', '2019-05-17', 1002),
(2632, 100082, 2013018, '2018-02-18', '2018-02-21', 1009),
(2633, 100590, 2013074, '2019-08-08', '2019-08-11', 1006),
(2634, 100211, 2013071, '2020-02-11', '2020-02-14', 1001),
(2635, 100350, 2013177, '2019-05-15', '2019-05-18', 1002),
(2636, 100305, 2013069, '2018-08-05', '2018-08-08', 1001),
(2637, 100137, 2013075, '2019-09-14', '2019-09-17', 1004),
(2638, 100589, 2013040, '2018-03-14', '2018-03-17', 1009),
(2639, 100405, 2013182, '2019-06-30', '2019-07-03', 1002),
(2640, 100038, 2013194, '2020-01-05', '2020-01-08', 1006),
(2641, 100444, 2013193, '2019-05-02', '2019-05-05', 1001),
(2642, 100552, 2013195, '2019-07-09', '2019-07-12', 1003),
(2643, 100589, 2013018, '2020-01-12', '2020-01-15', 1006),
(2644, 100099, 2013070, '2018-01-18', '2018-01-21', 1001);
INSERT INTO `prestamos` (`numero_prestamo`, `codigo_libro`, `carne_alumno`, `fecha_prestamo`, `fecha_devolucion`, `codigo_empleado`) VALUES
(2645, 100559, 2013113, '2018-03-09', '2018-03-12', 1007),
(2646, 100296, 2013087, '2019-09-21', '2019-09-24', 1002),
(2647, 100003, 2013055, '2018-10-09', '2018-10-12', 1008),
(2648, 100607, 2013015, '2019-12-03', '2019-12-06', 1004),
(2649, 100599, 2013096, '2018-06-08', '2018-06-11', 1001),
(2650, 100019, 2013173, '2019-08-15', '2019-08-18', 1007),
(2651, 100360, 2013011, '2019-04-05', '2019-04-08', 1007),
(2652, 100626, 2013087, '2019-06-29', '2019-07-02', 1008),
(2653, 100197, 2013153, '2019-12-22', '2019-12-25', 1008),
(2654, 100392, 2013045, '2019-07-05', '2019-07-08', 1009),
(2655, 100653, 2013025, '2018-09-16', '2018-09-19', 1002),
(2656, 100345, 2013077, '2019-06-13', '2019-06-16', 1009),
(2657, 100064, 2013174, '2018-12-19', '2018-12-22', 1008),
(2658, 100650, 2013101, '2019-07-14', '2019-07-17', 1008),
(2659, 100006, 2013022, '2018-09-24', '2018-09-27', 1002),
(2660, 100530, 2013054, '2019-02-20', '2019-02-23', 1004),
(2661, 100160, 2013091, '2019-09-06', '2019-09-09', 1001),
(2662, 100615, 2013139, '2019-08-04', '2019-08-07', 1007),
(2663, 100295, 2013172, '2020-02-21', '2020-02-24', 1010),
(2664, 100146, 2013140, '2020-01-17', '2020-01-20', 1008),
(2665, 100317, 2013080, '2018-01-03', '2018-01-06', 1009),
(2666, 100280, 2013041, '2019-06-05', '2019-06-08', 1004),
(2667, 100638, 2013111, '2020-01-09', '2020-01-12', 1009),
(2668, 100313, 2013169, '2019-02-26', '2019-03-01', 1004),
(2669, 100352, 2013076, '2018-09-13', '2018-09-16', 1006),
(2670, 100344, 2013184, '2019-06-07', '2019-06-10', 1001),
(2671, 100412, 2013078, '2018-02-17', '2018-02-20', 1009),
(2672, 100333, 2013173, '2018-08-29', '2018-09-01', 1006),
(2673, 100221, 2013196, '2018-02-16', '2018-02-19', 1003),
(2674, 100018, 2013152, '2019-08-29', '2019-09-01', 1001),
(2675, 100066, 2013073, '2019-10-09', '2019-10-12', 1006),
(2676, 100034, 2013118, '2019-07-06', '2019-07-09', 1010),
(2677, 100324, 2013097, '2018-05-12', '2018-05-15', 1007),
(2678, 100582, 2013089, '2018-04-05', '2018-04-08', 1010),
(2679, 100451, 2013017, '2018-03-23', '2018-03-26', 1008),
(2680, 100060, 2013133, '2018-04-11', '2018-04-14', 1007),
(2681, 100197, 2013177, '2019-08-10', '2019-08-13', 1002),
(2682, 100067, 2013191, '2019-01-06', '2019-01-09', 1004),
(2683, 100689, 2013007, '2018-07-16', '2018-07-19', 1006),
(2684, 100633, 2013180, '2018-04-28', '2018-05-01', 1001),
(2685, 100385, 2013152, '2019-02-12', '2019-02-15', 1003),
(2686, 100058, 2013059, '2020-01-26', '2020-01-29', 1006),
(2687, 100503, 2013131, '2018-10-16', '2018-10-19', 1007),
(2688, 100360, 2013156, '2018-02-03', '2018-02-06', 1003),
(2689, 100130, 2013102, '2019-11-27', '2019-11-30', 1003),
(2690, 100053, 2013092, '2019-10-10', '2019-10-13', 1008),
(2691, 100256, 2013089, '2019-02-17', '2019-02-20', 1007),
(2692, 100285, 2013188, '2018-04-01', '2018-04-04', 1005),
(2693, 100151, 2013121, '2018-01-01', '2018-01-04', 1005),
(2694, 100383, 2013090, '2019-07-08', '2019-07-11', 1010),
(2695, 100047, 2013134, '2019-08-23', '2019-08-26', 1007),
(2696, 100410, 2013179, '2018-07-01', '2018-07-04', 1004),
(2697, 100203, 2013151, '2019-12-30', '2020-01-02', 1002),
(2698, 100632, 2013009, '2019-05-04', '2019-05-07', 1006),
(2699, 100620, 2013158, '2019-07-11', '2019-07-14', 1006),
(2700, 100394, 2013159, '2020-01-06', '2020-01-09', 1008),
(2701, 100498, 2013066, '2018-11-29', '2018-12-02', 1004),
(2702, 100258, 2013143, '2020-02-06', '2020-02-09', 1006),
(2703, 100394, 2013034, '2018-05-02', '2018-05-05', 1008),
(2704, 100170, 2013188, '2019-05-31', '2019-06-03', 1002),
(2705, 100178, 2013133, '2019-08-20', '2019-08-23', 1002),
(2706, 100096, 2013170, '2019-01-20', '2019-01-23', 1004),
(2707, 100305, 2013081, '2018-07-07', '2018-07-10', 1004),
(2708, 100399, 2013170, '2019-05-30', '2019-06-02', 1004),
(2709, 100156, 2013119, '2019-06-04', '2019-06-07', 1009),
(2710, 100010, 2013028, '2019-06-09', '2019-06-12', 1006),
(2711, 100094, 2013114, '2018-09-22', '2018-09-25', 1001),
(2712, 100579, 2013148, '2019-06-21', '2019-06-24', 1004),
(2713, 100025, 2013017, '2019-04-22', '2019-04-25', 1005),
(2714, 100510, 2013130, '2019-06-12', '2019-06-15', 1008),
(2715, 100263, 2013107, '2019-06-21', '2019-06-24', 1009),
(2716, 100286, 2013066, '2019-03-15', '2019-03-18', 1008),
(2717, 100516, 2013054, '2018-07-19', '2018-07-22', 1003),
(2718, 100241, 2013135, '2019-02-05', '2019-02-08', 1006),
(2719, 100270, 2013079, '2019-12-21', '2019-12-24', 1004),
(2720, 100369, 2013028, '2018-01-08', '2018-01-11', 1003),
(2721, 100589, 2013182, '2019-04-16', '2019-04-19', 1009),
(2722, 100341, 2013183, '2018-10-30', '2018-11-02', 1008),
(2723, 100385, 2013124, '2019-09-05', '2019-09-08', 1003),
(2724, 100012, 2013190, '2018-06-06', '2018-06-09', 1008),
(2725, 100679, 2013090, '2018-12-11', '2018-12-14', 1009),
(2726, 100391, 2013118, '2019-01-22', '2019-01-25', 1008),
(2727, 100402, 2013027, '2019-12-26', '2019-12-29', 1008),
(2728, 100362, 2013153, '2018-03-16', '2018-03-19', 1003),
(2729, 100214, 2013087, '2019-06-10', '2019-06-13', 1001),
(2730, 100200, 2013146, '2019-01-13', '2019-01-16', 1002),
(2731, 100541, 2013154, '2020-01-26', '2020-01-29', 1007),
(2732, 100239, 2013024, '2019-05-22', '2019-05-25', 1002),
(2733, 100593, 2013178, '2018-11-23', '2018-11-26', 1004),
(2734, 100260, 2013021, '2018-11-20', '2018-11-23', 1006),
(2735, 100418, 2013191, '2018-07-15', '2018-07-18', 1009),
(2736, 100596, 2013108, '2018-07-11', '2018-07-14', 1009),
(2737, 100404, 2013148, '2019-12-25', '2019-12-28', 1004),
(2738, 100160, 2013066, '2018-11-25', '2018-11-28', 1006),
(2739, 100114, 2013013, '2018-03-08', '2018-03-11', 1009),
(2740, 100238, 2013006, '2019-09-28', '2019-10-01', 1008),
(2741, 100177, 2013007, '2019-08-22', '2019-08-25', 1005),
(2742, 100317, 2013089, '2019-05-17', '2019-05-20', 1001),
(2743, 100068, 2013175, '2018-10-28', '2018-10-31', 1002),
(2744, 100105, 2013194, '2019-12-01', '2019-12-04', 1004),
(2745, 100389, 2013123, '2019-11-25', '2019-11-28', 1004),
(2746, 100400, 2013143, '2019-03-26', '2019-03-29', 1009),
(2747, 100254, 2013117, '2019-11-28', '2019-12-01', 1002),
(2748, 100609, 2013106, '2018-06-19', '2018-06-22', 1009),
(2749, 100507, 2013144, '2019-03-26', '2019-03-29', 1003),
(2750, 100170, 2013125, '2019-05-21', '2019-05-24', 1009),
(2751, 100649, 2013063, '2018-07-11', '2018-07-14', 1010),
(2752, 100543, 2013113, '2019-09-26', '2019-09-29', 1009),
(2753, 100365, 2013033, '2019-07-03', '2019-07-06', 1008),
(2754, 100634, 2013124, '2018-07-27', '2018-07-30', 1005),
(2755, 100648, 2013156, '2019-09-11', '2019-09-14', 1006),
(2756, 100549, 2013180, '2019-01-05', '2019-01-08', 1006),
(2757, 100166, 2013192, '2019-07-01', '2019-07-04', 1009),
(2758, 100670, 2013054, '2020-02-15', '2020-02-18', 1006),
(2759, 100647, 2013181, '2018-02-03', '2018-02-06', 1003),
(2760, 100469, 2013099, '2019-01-04', '2019-01-07', 1003),
(2761, 100691, 2013086, '2018-01-23', '2018-01-26', 1010),
(2762, 100484, 2013114, '2019-10-31', '2019-11-03', 1009),
(2763, 100263, 2013191, '2018-02-23', '2018-02-26', 1002),
(2764, 100605, 2013180, '2019-10-20', '2019-10-23', 1002),
(2765, 100014, 2013196, '2019-01-15', '2019-01-18', 1002),
(2766, 100087, 2013047, '2019-01-21', '2019-01-24', 1009),
(2767, 100368, 2013095, '2019-12-31', '2020-01-03', 1003),
(2768, 100433, 2013185, '2018-09-19', '2018-09-22', 1004),
(2769, 100561, 2013025, '2019-09-20', '2019-09-23', 1002),
(2770, 100392, 2013192, '2020-02-13', '2020-02-16', 1004),
(2771, 100395, 2013173, '2019-04-03', '2019-04-06', 1010),
(2772, 100665, 2013160, '2019-09-20', '2019-09-23', 1002),
(2773, 100519, 2013049, '2019-11-01', '2019-11-04', 1009),
(2774, 100464, 2013100, '2020-01-24', '2020-01-27', 1009),
(2775, 100562, 2013133, '2020-01-29', '2020-02-01', 1005),
(2776, 100215, 2013153, '2018-08-23', '2018-08-26', 1008),
(2777, 100212, 2013198, '2018-06-14', '2018-06-17', 1003),
(2778, 100333, 2013125, '2019-06-19', '2019-06-22', 1006),
(2779, 100606, 2013136, '2020-01-03', '2020-01-06', 1002),
(2780, 100326, 2013107, '2020-02-11', '2020-02-14', 1007),
(2781, 100035, 2013103, '2018-11-09', '2018-11-12', 1009),
(2782, 100132, 2013103, '2018-12-04', '2018-12-07', 1009),
(2783, 100417, 2013177, '2018-08-25', '2018-08-28', 1006),
(2784, 100474, 2013126, '2018-04-19', '2018-04-22', 1002),
(2785, 100405, 2013139, '2020-01-12', '2020-01-15', 1010),
(2786, 100690, 2013121, '2020-02-05', '2020-02-08', 1007),
(2787, 100381, 2013161, '2018-11-24', '2018-11-27', 1004),
(2788, 100675, 2013104, '2019-12-20', '2019-12-23', 1007),
(2789, 100671, 2013037, '2019-04-15', '2019-04-18', 1006),
(2790, 100209, 2013026, '2018-10-21', '2018-10-24', 1005),
(2791, 100128, 2013046, '2019-09-07', '2019-09-10', 1005),
(2792, 100697, 2013047, '2018-06-14', '2018-06-17', 1004),
(2793, 100482, 2013087, '2019-08-21', '2019-08-24', 1004),
(2794, 100483, 2013011, '2019-10-16', '2019-10-19', 1009),
(2795, 100453, 2013063, '2020-01-19', '2020-01-22', 1002),
(2796, 100480, 2013037, '2020-02-21', '2020-02-24', 1008),
(2797, 100230, 2013180, '2018-06-08', '2018-06-11', 1007),
(2798, 100104, 2013133, '2018-06-30', '2018-07-03', 1004),
(2799, 100112, 2013142, '2019-11-04', '2019-11-07', 1003),
(2800, 100482, 2013046, '2019-05-12', '2019-05-15', 1004),
(2801, 100621, 2013136, '2018-07-14', '2018-07-17', 1009),
(2802, 100514, 2013193, '2019-10-09', '2019-10-12', 1003),
(2803, 100198, 2013005, '2019-03-05', '2019-03-08', 1009),
(2804, 100072, 2013134, '2019-07-29', '2019-08-01', 1002),
(2805, 100382, 2013020, '2018-06-12', '2018-06-15', 1002),
(2806, 100384, 2013104, '2019-05-28', '2019-05-31', 1001),
(2807, 100072, 2013188, '2019-11-10', '2019-11-13', 1006),
(2808, 100281, 2013135, '2019-05-19', '2019-05-22', 1002),
(2809, 100008, 2013157, '2018-03-09', '2018-03-12', 1008),
(2810, 100535, 2013111, '2018-08-21', '2018-08-24', 1009),
(2811, 100395, 2013081, '2018-09-09', '2018-09-12', 1003),
(2812, 100064, 2013126, '2020-02-05', '2020-02-08', 1007),
(2813, 100691, 2013019, '2019-05-04', '2019-05-07', 1005),
(2814, 100703, 2013191, '2018-07-02', '2018-07-05', 1010),
(2815, 100444, 2013097, '2019-12-19', '2019-12-22', 1008),
(2816, 100501, 2013061, '2018-04-16', '2018-04-19', 1003),
(2817, 100539, 2013177, '2018-09-12', '2018-09-15', 1008),
(2818, 100601, 2013108, '2019-08-31', '2019-09-03', 1002),
(2819, 100652, 2013097, '2018-08-05', '2018-08-08', 1010),
(2820, 100046, 2013103, '2018-09-21', '2018-09-24', 1004),
(2821, 100236, 2013135, '2018-03-11', '2018-03-14', 1004),
(2822, 100099, 2013095, '2018-09-25', '2018-09-28', 1007),
(2823, 100094, 2013007, '2018-10-09', '2018-10-12', 1009),
(2824, 100276, 2013057, '2019-03-18', '2019-03-21', 1009),
(2825, 100503, 2013072, '2018-07-01', '2018-07-04', 1005),
(2826, 100508, 2013008, '2019-04-02', '2019-04-05', 1009),
(2827, 100351, 2013190, '2018-05-10', '2018-05-13', 1006),
(2828, 100180, 2013177, '2020-01-26', '2020-01-29', 1002),
(2829, 100361, 2013007, '2019-06-16', '2019-06-19', 1003),
(2830, 100104, 2013053, '2020-02-13', '2020-02-16', 1010),
(2831, 100033, 2013117, '2018-04-16', '2018-04-19', 1004),
(2832, 100622, 2013129, '2018-01-25', '2018-01-28', 1005),
(2833, 100153, 2013106, '2019-06-22', '2019-06-25', 1007),
(2834, 100558, 2013169, '2018-01-30', '2018-02-02', 1006),
(2835, 100663, 2013175, '2019-06-10', '2019-06-13', 1008),
(2836, 100510, 2013073, '2018-04-05', '2018-04-08', 1004),
(2837, 100421, 2013009, '2019-02-28', '2019-03-03', 1002),
(2838, 100604, 2013096, '2018-12-14', '2018-12-17', 1008),
(2839, 100272, 2013034, '2019-03-11', '2019-03-14', 1006),
(2840, 100688, 2013108, '2019-01-07', '2019-01-10', 1008),
(2841, 100468, 2013131, '2019-01-20', '2019-01-23', 1003),
(2842, 100358, 2013010, '2018-11-24', '2018-11-27', 1009),
(2843, 100654, 2013016, '2019-03-09', '2019-03-12', 1009),
(2844, 100380, 2013172, '2018-03-03', '2018-03-06', 1008),
(2845, 100277, 2013113, '2019-07-14', '2019-07-17', 1007),
(2846, 100167, 2013129, '2019-02-07', '2019-02-10', 1009),
(2847, 100160, 2013028, '2019-12-04', '2019-12-07', 1006),
(2848, 100632, 2013187, '2018-07-06', '2018-07-09', 1003),
(2849, 100381, 2013064, '2019-06-02', '2019-06-05', 1002),
(2850, 100420, 2013012, '2018-10-11', '2018-10-14', 1007),
(2851, 100256, 2013034, '2018-02-28', '2018-03-03', 1005),
(2852, 100653, 2013154, '2018-12-28', '2018-12-31', 1004),
(2853, 100188, 2013145, '2018-01-15', '2018-01-18', 1002),
(2854, 100659, 2013049, '2020-01-27', '2020-01-30', 1010),
(2855, 100640, 2013126, '2018-04-28', '2018-05-01', 1006),
(2856, 100220, 2013199, '2019-05-20', '2019-05-23', 1001),
(2857, 100070, 2013099, '2018-07-12', '2018-07-15', 1005),
(2858, 100141, 2013148, '2019-08-10', '2019-08-13', 1007),
(2859, 100500, 2013016, '2019-12-21', '2019-12-24', 1004),
(2860, 100266, 2013087, '2019-03-18', '2019-03-21', 1003),
(2861, 100274, 2013186, '2019-06-25', '2019-06-28', 1005),
(2862, 100704, 2013181, '2020-01-10', '2020-01-13', 1003),
(2863, 100124, 2013032, '2019-12-19', '2019-12-22', 1009),
(2864, 100628, 2013016, '2019-02-19', '2019-02-22', 1007),
(2865, 100701, 2013101, '2019-04-27', '2019-04-30', 1004),
(2866, 100625, 2013038, '2018-12-09', '2018-12-12', 1008),
(2867, 100103, 2013184, '2018-05-03', '2018-05-06', 1004),
(2868, 100295, 2013072, '2020-02-05', '2020-02-08', 1002),
(2869, 100338, 2013061, '2019-01-29', '2019-02-01', 1004),
(2870, 100048, 2013191, '2019-12-29', '2020-01-01', 1006),
(2871, 100507, 2013048, '2019-10-30', '2019-11-02', 1004),
(2872, 100308, 2013103, '2018-04-29', '2018-05-02', 1009),
(2873, 100180, 2013014, '2018-05-27', '2018-05-30', 1002),
(2874, 100123, 2013137, '2019-02-28', '2019-03-03', 1003),
(2875, 100339, 2013138, '2018-02-17', '2018-02-20', 1008),
(2876, 100455, 2013058, '2019-08-11', '2019-08-14', 1004),
(2877, 100547, 2013106, '2019-01-24', '2019-01-27', 1007),
(2878, 100634, 2013030, '2020-01-03', '2020-01-06', 1006),
(2879, 100428, 2013165, '2019-05-27', '2019-05-30', 1007),
(2880, 100570, 2013162, '2018-03-18', '2018-03-21', 1002),
(2881, 100690, 2013189, '2019-06-22', '2019-06-25', 1009),
(2882, 100039, 2013118, '2019-07-28', '2019-07-31', 1008),
(2883, 100173, 2013081, '2018-12-12', '2018-12-15', 1008),
(2884, 100007, 2013156, '2018-08-31', '2018-09-03', 1002),
(2885, 100537, 2013129, '2019-09-04', '2019-09-07', 1001),
(2886, 100037, 2013028, '2019-12-14', '2019-12-17', 1005),
(2887, 100173, 2013117, '2018-08-29', '2018-09-01', 1009),
(2888, 100560, 2013143, '2018-12-17', '2018-12-20', 1002),
(2889, 100479, 2013086, '2018-07-18', '2018-07-21', 1008),
(2890, 100352, 2013094, '2019-08-02', '2019-08-05', 1009),
(2891, 100243, 2013107, '2018-09-20', '2018-09-23', 1008),
(2892, 100291, 2013113, '2018-09-26', '2018-09-29', 1001),
(2893, 100435, 2013091, '2019-01-12', '2019-01-15', 1007),
(2894, 100213, 2013043, '2018-06-11', '2018-06-14', 1003),
(2895, 100210, 2013080, '2019-09-18', '2019-09-21', 1009),
(2896, 100128, 2013029, '2018-04-25', '2018-04-28', 1007),
(2897, 100194, 2013060, '2018-07-04', '2018-07-07', 1005),
(2898, 100525, 2013167, '2020-01-15', '2020-01-18', 1005),
(2899, 100161, 2013115, '2018-10-08', '2018-10-11', 1001),
(2900, 100025, 2013160, '2019-03-27', '2019-03-30', 1006),
(2901, 100256, 2013163, '2019-03-11', '2019-03-14', 1008),
(2902, 100549, 2013177, '2019-01-13', '2019-01-16', 1002),
(2903, 100420, 2013100, '2020-02-03', '2020-02-06', 1008),
(2904, 100300, 2013134, '2019-01-21', '2019-01-24', 1007),
(2905, 100460, 2013127, '2019-04-21', '2019-04-24', 1007),
(2906, 100172, 2013159, '2018-03-19', '2018-03-22', 1009),
(2907, 100056, 2013164, '2019-03-14', '2019-03-17', 1008),
(2908, 100542, 2013009, '2018-12-25', '2018-12-28', 1006),
(2909, 100494, 2013111, '2019-06-10', '2019-06-13', 1005),
(2910, 100176, 2013073, '2019-11-23', '2019-11-26', 1002),
(2911, 100210, 2013056, '2020-02-17', '2020-02-20', 1004),
(2912, 100069, 2013108, '2020-01-09', '2020-01-12', 1001),
(2913, 100571, 2013187, '2018-04-05', '2018-04-08', 1008),
(2914, 100431, 2013107, '2018-02-04', '2018-02-07', 1004),
(2915, 100258, 2013043, '2019-07-05', '2019-07-08', 1005),
(2916, 100390, 2013183, '2019-05-15', '2019-05-18', 1009),
(2917, 100701, 2013054, '2019-11-27', '2019-11-30', 1002),
(2918, 100230, 2013128, '2018-10-28', '2018-10-31', 1004),
(2919, 100556, 2013092, '2019-10-18', '2019-10-21', 1004),
(2920, 100279, 2013143, '2018-07-22', '2018-07-25', 1006),
(2921, 100544, 2013130, '2019-06-14', '2019-06-17', 1005),
(2922, 100323, 2013130, '2019-08-17', '2019-08-20', 1006),
(2923, 100202, 2013009, '2019-03-23', '2019-03-26', 1008),
(2924, 100106, 2013059, '2018-05-14', '2018-05-17', 1005),
(2925, 100462, 2013140, '2019-07-10', '2019-07-13', 1009),
(2926, 100099, 2013088, '2019-05-22', '2019-05-25', 1010),
(2927, 100406, 2013022, '2018-11-03', '2018-11-06', 1006),
(2928, 100377, 2013186, '2019-09-01', '2019-09-04', 1002),
(2929, 100575, 2013187, '2019-08-28', '2019-08-31', 1010),
(2930, 100270, 2013175, '2018-07-20', '2018-07-23', 1004),
(2931, 100643, 2013125, '2019-04-05', '2019-04-08', 1007),
(2932, 100669, 2013030, '2019-10-21', '2019-10-24', 1008),
(2933, 100054, 2013040, '2018-01-24', '2018-01-27', 1002),
(2934, 100539, 2013096, '2019-08-18', '2019-08-21', 1005),
(2935, 100584, 2013055, '2019-06-21', '2019-06-24', 1003),
(2936, 100527, 2013058, '2018-10-07', '2018-10-10', 1004),
(2937, 100215, 2013156, '2019-07-21', '2019-07-24', 1002),
(2938, 100142, 2013055, '2019-09-13', '2019-09-16', 1003),
(2939, 100310, 2013005, '2019-11-30', '2019-12-03', 1002),
(2940, 100099, 2013100, '2019-09-27', '2019-09-30', 1008),
(2941, 100692, 2013093, '2018-05-06', '2018-05-09', 1008),
(2942, 100538, 2013135, '2019-09-28', '2019-10-01', 1009),
(2943, 100159, 2013151, '2018-03-05', '2018-03-08', 1004),
(2944, 100422, 2013181, '2019-02-19', '2019-02-22', 1009),
(2945, 100629, 2013046, '2019-12-23', '2019-12-26', 1009),
(2946, 100287, 2013029, '2020-01-31', '2020-02-03', 1009),
(2947, 100227, 2013186, '2018-02-16', '2018-02-19', 1003),
(2948, 100311, 2013150, '2018-02-11', '2018-02-14', 1009),
(2949, 100443, 2013017, '2018-02-19', '2018-02-22', 1008),
(2950, 100256, 2013199, '2019-08-12', '2019-08-15', 1001),
(2951, 100305, 2013127, '2018-02-11', '2018-02-14', 1008),
(2952, 100174, 2013036, '2018-06-09', '2018-06-12', 1006),
(2953, 100645, 2013072, '2019-07-20', '2019-07-23', 1007),
(2954, 100062, 2013010, '2018-07-09', '2018-07-12', 1007),
(2955, 100402, 2013041, '2019-10-17', '2019-10-20', 1009),
(2956, 100397, 2013043, '2018-03-11', '2018-03-14', 1006),
(2957, 100550, 2013156, '2018-10-04', '2018-10-07', 1004),
(2958, 100245, 2013117, '2019-11-25', '2019-11-28', 1003),
(2959, 100507, 2013199, '2018-05-23', '2018-05-26', 1005),
(2960, 100124, 2013196, '2019-07-20', '2019-07-23', 1009),
(2961, 100466, 2013035, '2018-10-26', '2018-10-29', 1002),
(2962, 100452, 2013059, '2018-06-02', '2018-06-05', 1010),
(2963, 100263, 2013052, '2019-02-27', '2019-03-02', 1001),
(2964, 100213, 2013159, '2019-03-13', '2019-03-16', 1006),
(2965, 100442, 2013065, '2019-05-30', '2019-06-02', 1004),
(2966, 100517, 2013092, '2019-05-13', '2019-05-16', 1008),
(2967, 100037, 2013057, '2018-09-28', '2018-10-01', 1004),
(2968, 100602, 2013092, '2019-06-04', '2019-06-07', 1002),
(2969, 100067, 2013061, '2018-08-15', '2018-08-18', 1008),
(2970, 100106, 2013101, '2018-11-04', '2018-11-07', 1002),
(2971, 100307, 2013149, '2018-05-28', '2018-05-31', 1006),
(2972, 100182, 2013045, '2018-03-17', '2018-03-20', 1010),
(2973, 100484, 2013109, '2018-12-17', '2018-12-20', 1007),
(2974, 100301, 2013028, '2018-03-04', '2018-03-07', 1005),
(2975, 100202, 2013011, '2019-12-12', '2019-12-15', 1009),
(2976, 100539, 2013115, '2019-09-09', '2019-09-12', 1007),
(2977, 100152, 2013185, '2019-01-07', '2019-01-10', 1001),
(2978, 100015, 2013111, '2019-11-30', '2019-12-03', 1001),
(2979, 100248, 2013104, '2018-12-20', '2018-12-23', 1003),
(2980, 100284, 2013157, '2019-10-04', '2019-10-07', 1007),
(2981, 100168, 2013013, '2019-08-03', '2019-08-06', 1002),
(2982, 100620, 2013125, '2019-02-03', '2019-02-06', 1005),
(2983, 100655, 2013068, '2018-02-11', '2018-02-14', 1001),
(2984, 100205, 2013032, '2019-08-13', '2019-08-16', 1008),
(2985, 100392, 2013050, '2018-05-28', '2018-05-31', 1010),
(2986, 100443, 2013050, '2018-10-16', '2018-10-19', 1005),
(2987, 100554, 2013144, '2018-07-08', '2018-07-11', 1003),
(2988, 100318, 2013114, '2018-09-20', '2018-09-23', 1004),
(2989, 100565, 2013163, '2019-10-10', '2019-10-13', 1009),
(2990, 100190, 2013191, '2019-01-29', '2019-02-01', 1006),
(2991, 100410, 2013137, '2019-11-09', '2019-11-12', 1004),
(2992, 100496, 2013083, '2018-02-19', '2018-02-22', 1010),
(2993, 100415, 2013065, '2019-03-19', '2019-03-22', 1001),
(2994, 100335, 2013060, '2018-10-19', '2018-10-22', 1005),
(2995, 100500, 2013155, '2019-03-29', '2019-04-01', 1005),
(2996, 100430, 2013179, '2019-10-20', '2019-10-23', 1009),
(2997, 100664, 2013078, '2018-03-08', '2018-03-11', 1009),
(2998, 100354, 2013098, '2018-04-04', '2018-04-07', 1007),
(2999, 100302, 2013095, '2019-09-16', '2019-09-19', 1004),
(3000, 100247, 2013100, '2018-12-17', '2018-12-20', 1007),
(3001, 100657, 2013191, '2020-01-09', '2020-01-12', 1007),
(3002, 100130, 2013181, '2019-06-22', '2019-06-25', 1006),
(3003, 100320, 2013067, '2018-10-31', '2018-11-03', 1003),
(3004, 100025, 2013015, '2018-09-20', '2018-09-23', 1001),
(3005, 100561, 2013019, '2020-02-05', '2020-02-08', 1008),
(3006, 100663, 2013011, '2018-09-10', '2018-09-13', 1002),
(3007, 100326, 2013033, '2019-01-30', '2019-02-02', 1004),
(3008, 100667, 2013078, '2020-01-17', '2020-01-20', 1005),
(3009, 100599, 2013139, '2018-03-21', '2018-03-24', 1009),
(3010, 100167, 2013055, '2019-06-22', '2019-06-25', 1004),
(3011, 100685, 2013194, '2020-01-03', '2020-01-06', 1008),
(3012, 100474, 2013026, '2018-07-27', '2018-07-30', 1002),
(3013, 100323, 2013019, '2019-01-16', '2019-01-19', 1008),
(3014, 100483, 2013165, '2019-08-12', '2019-08-15', 1007),
(3015, 100119, 2013076, '2018-07-04', '2018-07-07', 1005),
(3016, 100365, 2013028, '2018-04-20', '2018-04-23', 1009),
(3017, 100580, 2013199, '2018-01-18', '2018-01-21', 1009),
(3018, 100639, 2013134, '2018-03-19', '2018-03-22', 1010),
(3019, 100317, 2013105, '2019-01-05', '2019-01-08', 1009),
(3020, 100439, 2013013, '2019-07-16', '2019-07-19', 1004),
(3021, 100306, 2013015, '2019-05-14', '2019-05-17', 1008),
(3022, 100675, 2013055, '2019-07-08', '2019-07-11', 1003),
(3023, 100167, 2013147, '2018-10-29', '2018-11-01', 1004),
(3024, 100463, 2013081, '2018-11-15', '2018-11-18', 1002),
(3025, 100120, 2013121, '2018-05-01', '2018-05-04', 1002),
(3026, 100431, 2013155, '2018-08-01', '2018-08-04', 1006),
(3027, 100327, 2013016, '2018-07-03', '2018-07-06', 1002),
(3028, 100383, 2013014, '2019-08-18', '2019-08-21', 1004),
(3029, 100465, 2013116, '2018-10-30', '2018-11-02', 1007),
(3030, 100102, 2013128, '2020-01-27', '2020-01-30', 1001),
(3031, 100126, 2013114, '2018-04-23', '2018-04-26', 1002),
(3032, 100340, 2013133, '2018-07-14', '2018-07-17', 1008),
(3033, 100335, 2013107, '2018-12-06', '2018-12-09', 1007),
(3034, 100580, 2013037, '2019-02-10', '2019-02-13', 1005),
(3035, 100489, 2013124, '2018-09-01', '2018-09-04', 1009),
(3036, 100582, 2013140, '2019-07-04', '2019-07-07', 1003),
(3037, 100592, 2013136, '2019-05-23', '2019-05-26', 1005),
(3038, 100165, 2013062, '2018-01-30', '2018-02-02', 1005),
(3039, 100227, 2013108, '2019-04-07', '2019-04-10', 1001),
(3040, 100207, 2013069, '2019-05-28', '2019-05-31', 1003),
(3041, 100304, 2013119, '2019-05-31', '2019-06-03', 1006),
(3042, 100675, 2013114, '2019-02-01', '2019-02-04', 1002),
(3043, 100374, 2013087, '2019-05-26', '2019-05-29', 1008),
(3044, 100344, 2013145, '2018-07-13', '2018-07-16', 1008),
(3045, 100528, 2013086, '2018-11-27', '2018-11-30', 1004),
(3046, 100160, 2013067, '2019-11-16', '2019-11-19', 1002),
(3047, 100047, 2013035, '2019-05-31', '2019-06-03', 1002),
(3048, 100140, 2013139, '2018-05-01', '2018-05-04', 1008),
(3049, 100693, 2013057, '2020-02-26', '2020-02-29', 1005),
(3050, 100189, 2013063, '2020-01-31', '2020-02-03', 1008),
(3051, 100332, 2013116, '2018-09-07', '2018-09-10', 1008),
(3052, 100108, 2013067, '2019-01-29', '2019-02-01', 1006),
(3053, 100037, 2013099, '2018-07-03', '2018-07-06', 1002),
(3054, 100036, 2013060, '2019-11-05', '2019-11-08', 1005),
(3055, 100100, 2013040, '2018-01-11', '2018-01-14', 1010),
(3056, 100667, 2013190, '2019-07-31', '2019-08-03', 1005),
(3057, 100635, 2013119, '2018-03-06', '2018-03-09', 1006),
(3058, 100310, 2013080, '2018-11-25', '2018-11-28', 1002),
(3059, 100397, 2013015, '2018-01-21', '2018-01-24', 1002),
(3060, 100687, 2013145, '2018-08-03', '2018-08-06', 1005),
(3061, 100161, 2013053, '2018-07-09', '2018-07-12', 1010),
(3062, 100454, 2013100, '2018-04-12', '2018-04-15', 1006),
(3063, 100068, 2013097, '2018-08-16', '2018-08-19', 1004),
(3064, 100184, 2013063, '2018-08-21', '2018-08-24', 1003),
(3065, 100347, 2013084, '2019-09-10', '2019-09-13', 1001),
(3066, 100029, 2013053, '2018-10-07', '2018-10-10', 1010),
(3067, 100502, 2013177, '2019-06-17', '2019-06-20', 1008),
(3068, 100068, 2013083, '2019-01-25', '2019-01-28', 1008),
(3069, 100261, 2013043, '2018-10-19', '2018-10-22', 1005),
(3070, 100706, 2013141, '2019-10-03', '2019-10-06', 1006),
(3071, 100588, 2013043, '2019-05-26', '2019-05-29', 1009),
(3072, 100186, 2013057, '2018-06-09', '2018-06-12', 1001),
(3073, 100263, 2013113, '2019-01-04', '2019-01-07', 1005),
(3074, 100418, 2013183, '2019-05-07', '2019-05-10', 1003),
(3075, 100013, 2013006, '2018-12-14', '2018-12-17', 1002),
(3076, 100227, 2013157, '2019-07-10', '2019-07-13', 1009),
(3077, 100234, 2013168, '2018-02-26', '2018-03-01', 1005),
(3078, 100176, 2013065, '2018-12-25', '2018-12-28', 1008),
(3079, 100672, 2013011, '2018-05-21', '2018-05-24', 1009),
(3080, 100338, 2013047, '2018-03-30', '2018-04-02', 1004),
(3081, 100421, 2013068, '2019-01-10', '2019-01-13', 1010),
(3082, 100147, 2013162, '2018-03-24', '2018-03-27', 1005),
(3083, 100602, 2013021, '2018-01-18', '2018-01-21', 1010),
(3084, 100056, 2013047, '2019-03-12', '2019-03-15', 1005),
(3085, 100122, 2013023, '2018-07-05', '2018-07-08', 1001),
(3086, 100130, 2013025, '2018-01-25', '2018-01-28', 1005),
(3087, 100587, 2013016, '2019-05-22', '2019-05-25', 1004),
(3088, 100488, 2013093, '2019-03-25', '2019-03-28', 1001),
(3089, 100610, 2013093, '2019-10-15', '2019-10-18', 1007),
(3090, 100593, 2013119, '2018-07-02', '2018-07-05', 1008),
(3091, 100097, 2013032, '2019-04-25', '2019-04-28', 1006),
(3092, 100667, 2013083, '2020-01-19', '2020-01-22', 1008),
(3093, 100278, 2013147, '2019-02-09', '2019-02-12', 1006),
(3094, 100043, 2013106, '2018-04-26', '2018-04-29', 1001),
(3095, 100266, 2013143, '2019-03-23', '2019-03-26', 1004),
(3096, 100453, 2013150, '2019-01-28', '2019-01-31', 1009),
(3097, 100401, 2013196, '2018-10-09', '2018-10-12', 1002),
(3098, 100527, 2013123, '2018-06-19', '2018-06-22', 1009),
(3099, 100297, 2013159, '2018-02-04', '2018-02-07', 1009),
(3100, 100696, 2013025, '2019-06-26', '2019-06-29', 1008),
(3101, 100324, 2013156, '2019-06-29', '2019-07-02', 1007),
(3102, 100419, 2013078, '2018-10-22', '2018-10-25', 1005),
(3103, 100689, 2013125, '2019-04-29', '2019-05-02', 1004),
(3104, 100679, 2013030, '2019-11-08', '2019-11-11', 1007),
(3105, 100047, 2013004, '2018-03-05', '2018-03-08', 1002),
(3106, 100199, 2013085, '2020-02-15', '2020-02-18', 1004),
(3107, 100578, 2013156, '2018-06-09', '2018-06-12', 1004),
(3108, 100666, 2013137, '2018-06-22', '2018-06-25', 1001),
(3109, 100155, 2013053, '2018-06-05', '2018-06-08', 1010),
(3110, 100193, 2013184, '2018-06-11', '2018-06-14', 1010),
(3111, 100315, 2013017, '2018-11-12', '2018-11-15', 1007),
(3112, 100240, 2013147, '2018-06-23', '2018-06-26', 1002),
(3113, 100311, 2013058, '2019-05-12', '2019-05-15', 1003),
(3114, 100484, 2013161, '2018-05-23', '2018-05-26', 1004),
(3115, 100701, 2013067, '2019-01-22', '2019-01-25', 1005),
(3116, 100368, 2013053, '2019-01-28', '2019-01-31', 1010),
(3117, 100201, 2013035, '2018-06-09', '2018-06-12', 1006),
(3118, 100371, 2013145, '2019-12-27', '2019-12-30', 1003),
(3119, 100337, 2013127, '2018-08-31', '2018-09-03', 1002),
(3120, 100673, 2013070, '2019-12-29', '2020-01-01', 1007),
(3121, 100578, 2013042, '2018-01-30', '2018-02-02', 1001),
(3122, 100562, 2013030, '2019-11-26', '2019-11-29', 1004),
(3123, 100234, 2013192, '2020-02-02', '2020-02-05', 1004),
(3124, 100627, 2013035, '2019-07-19', '2019-07-22', 1006),
(3125, 100107, 2013034, '2019-04-10', '2019-04-13', 1006),
(3126, 100219, 2013134, '2019-08-22', '2019-08-25', 1007),
(3127, 100250, 2013158, '2018-10-04', '2018-10-07', 1007),
(3128, 100018, 2013153, '2019-10-29', '2019-11-01', 1003),
(3129, 100530, 2013125, '2018-01-02', '2018-01-05', 1009),
(3130, 100004, 2013058, '2019-02-14', '2019-02-17', 1006),
(3131, 100671, 2013016, '2018-10-19', '2018-10-22', 1003),
(3132, 100637, 2013174, '2019-11-09', '2019-11-12', 1006),
(3133, 100011, 2013091, '2019-03-21', '2019-03-24', 1007),
(3134, 100206, 2013011, '2019-03-02', '2019-03-05', 1006),
(3135, 100331, 2013193, '2018-10-28', '2018-10-31', 1010),
(3136, 100375, 2013134, '2019-07-21', '2019-07-24', 1009),
(3137, 100402, 2013008, '2019-09-10', '2019-09-13', 1007),
(3138, 100583, 2013052, '2018-02-08', '2018-02-11', 1006),
(3139, 100212, 2013044, '2018-04-17', '2018-04-20', 1009),
(3140, 100179, 2013175, '2018-06-03', '2018-06-06', 1007),
(3141, 100433, 2013200, '2018-11-05', '2018-11-08', 1005),
(3142, 100404, 2013196, '2019-05-27', '2019-05-30', 1004),
(3143, 100649, 2013147, '2018-01-20', '2018-01-23', 1002),
(3144, 100208, 2013066, '2018-11-11', '2018-11-14', 1001),
(3145, 100651, 2013175, '2019-07-12', '2019-07-15', 1008),
(3146, 100080, 2013096, '2019-07-14', '2019-07-17', 1002),
(3147, 100632, 2013017, '2019-10-27', '2019-10-30', 1001),
(3148, 100284, 2013108, '2019-05-02', '2019-05-05', 1008),
(3149, 100141, 2013129, '2020-02-07', '2020-02-10', 1004),
(3150, 100429, 2013127, '2018-08-30', '2018-09-02', 1004),
(3151, 100093, 2013007, '2019-07-11', '2019-07-14', 1002),
(3152, 100195, 2013114, '2018-01-09', '2018-01-12', 1003),
(3153, 100326, 2013093, '2018-10-20', '2018-10-23', 1005),
(3154, 100321, 2013015, '2019-06-20', '2019-06-23', 1002),
(3155, 100597, 2013128, '2019-02-05', '2019-02-08', 1009),
(3156, 100363, 2013102, '2018-02-09', '2018-02-12', 1007),
(3157, 100554, 2013056, '2020-01-27', '2020-01-30', 1008),
(3158, 100661, 2013129, '2019-03-30', '2019-04-02', 1004),
(3159, 100358, 2013134, '2018-06-01', '2018-06-04', 1008),
(3160, 100635, 2013154, '2020-02-18', '2020-02-21', 1006),
(3161, 100703, 2013063, '2018-11-03', '2018-11-06', 1008),
(3162, 100365, 2013049, '2018-03-10', '2018-03-13', 1007),
(3163, 100102, 2013049, '2020-02-23', '2020-02-26', 1005),
(3164, 100198, 2013121, '2018-06-27', '2018-06-30', 1009),
(3165, 100116, 2013152, '2019-03-15', '2019-03-18', 1001),
(3166, 100236, 2013097, '2019-05-07', '2019-05-10', 1004),
(3167, 100321, 2013121, '2019-11-23', '2019-11-26', 1010),
(3168, 100546, 2013112, '2018-12-18', '2018-12-21', 1004),
(3169, 100314, 2013005, '2019-10-22', '2019-10-25', 1007),
(3170, 100602, 2013107, '2020-01-14', '2020-01-17', 1004),
(3171, 100197, 2013055, '2018-03-21', '2018-03-24', 1006),
(3172, 100346, 2013149, '2019-04-19', '2019-04-22', 1009),
(3173, 100580, 2013101, '2019-07-16', '2019-07-19', 1002),
(3174, 100410, 2013097, '2019-09-06', '2019-09-09', 1008),
(3175, 100239, 2013083, '2018-10-09', '2018-10-12', 1009),
(3176, 100245, 2013095, '2018-11-10', '2018-11-13', 1003),
(3177, 100147, 2013063, '2018-02-21', '2018-02-24', 1010),
(3178, 100058, 2013094, '2018-03-08', '2018-03-11', 1003),
(3179, 100597, 2013078, '2018-08-05', '2018-08-08', 1002),
(3180, 100215, 2013080, '2018-11-03', '2018-11-06', 1010),
(3181, 100386, 2013074, '2019-08-02', '2019-08-05', 1005),
(3182, 100504, 2013111, '2020-01-12', '2020-01-15', 1009),
(3183, 100347, 2013193, '2020-01-03', '2020-01-06', 1009),
(3184, 100074, 2013140, '2018-08-05', '2018-08-08', 1009),
(3185, 100630, 2013091, '2019-09-09', '2019-09-12', 1008),
(3186, 100147, 2013157, '2019-03-18', '2019-03-21', 1006),
(3187, 100531, 2013104, '2018-07-17', '2018-07-20', 1005),
(3188, 100224, 2013146, '2019-08-08', '2019-08-11', 1004),
(3189, 100580, 2013121, '2018-03-02', '2018-03-05', 1006),
(3190, 100387, 2013123, '2018-01-24', '2018-01-27', 1010),
(3191, 100015, 2013021, '2018-02-28', '2018-03-03', 1009),
(3192, 100252, 2013201, '2018-08-08', '2018-08-11', 1010),
(3193, 100053, 2013084, '2018-11-15', '2018-11-18', 1003),
(3194, 100641, 2013037, '2018-08-02', '2018-08-05', 1009),
(3195, 100231, 2013120, '2018-03-19', '2018-03-22', 1003),
(3196, 100654, 2013175, '2018-01-13', '2018-01-16', 1005),
(3197, 100299, 2013006, '2019-03-15', '2019-03-18', 1007),
(3198, 100030, 2013090, '2018-04-01', '2018-04-04', 1005),
(3199, 100372, 2013197, '2019-11-27', '2019-11-30', 1010),
(3200, 100448, 2013040, '2018-09-26', '2018-09-29', 1002),
(3201, 100031, 2013066, '2018-01-10', '2018-01-13', 1008),
(3202, 100679, 2013065, '2018-10-06', '2018-10-09', 1006),
(3203, 100137, 2013053, '2019-09-19', '2019-09-22', 1008),
(3204, 100371, 2013010, '2018-03-04', '2018-03-07', 1009),
(3205, 100472, 2013052, '2019-08-30', '2019-09-02', 1002),
(3206, 100293, 2013099, '2019-05-21', '2019-05-24', 1010),
(3207, 100089, 2013021, '2018-09-01', '2018-09-04', 1010),
(3208, 100441, 2013154, '2019-04-18', '2019-04-21', 1009),
(3209, 100666, 2013056, '2019-12-09', '2019-12-12', 1001),
(3210, 100406, 2013169, '2019-11-02', '2019-11-05', 1007),
(3211, 100129, 2013023, '2018-04-22', '2018-04-25', 1008),
(3212, 100024, 2013112, '2019-02-24', '2019-02-27', 1009),
(3213, 100148, 2013132, '2020-01-01', '2020-01-04', 1007),
(3214, 100034, 2013044, '2019-06-12', '2019-06-15', 1005),
(3215, 100230, 2013037, '2018-02-17', '2018-02-20', 1002),
(3216, 100057, 2013155, '2018-10-03', '2018-10-06', 1003),
(3217, 100503, 2013108, '2018-10-06', '2018-10-09', 1007),
(3218, 100212, 2013153, '2018-07-04', '2018-07-07', 1003),
(3219, 100234, 2013120, '2020-02-16', '2020-02-19', 1009),
(3220, 100654, 2013187, '2018-06-28', '2018-07-01', 1008),
(3221, 100523, 2013141, '2018-10-17', '2018-10-20', 1001),
(3222, 100273, 2013089, '2018-10-16', '2018-10-19', 1008),
(3223, 100241, 2013166, '2018-11-27', '2018-11-30', 1010),
(3224, 100563, 2013170, '2018-02-05', '2018-02-08', 1008),
(3225, 100659, 2013178, '2019-09-14', '2019-09-17', 1003),
(3226, 100248, 2013101, '2018-05-03', '2018-05-06', 1006),
(3227, 100667, 2013026, '2019-07-09', '2019-07-12', 1009),
(3228, 100331, 2013116, '2018-12-17', '2018-12-20', 1003),
(3229, 100487, 2013198, '2019-03-28', '2019-03-31', 1006),
(3230, 100054, 2013014, '2019-07-03', '2019-07-06', 1006),
(3231, 100446, 2013132, '2019-01-06', '2019-01-09', 1002),
(3232, 100125, 2013005, '2018-04-27', '2018-04-30', 1003),
(3233, 100552, 2013182, '2018-01-07', '2018-01-10', 1001),
(3234, 100101, 2013083, '2020-02-14', '2020-02-17', 1008),
(3235, 100560, 2013066, '2020-01-29', '2020-02-01', 1010),
(3236, 100271, 2013116, '2018-06-28', '2018-07-01', 1003),
(3237, 100276, 2013011, '2018-05-11', '2018-05-14', 1008),
(3238, 100166, 2013046, '2018-11-01', '2018-11-04', 1009),
(3239, 100652, 2013065, '2019-04-26', '2019-04-29', 1004),
(3240, 100175, 2013076, '2019-06-25', '2019-06-28', 1008),
(3241, 100086, 2013008, '2018-02-27', '2018-03-02', 1007),
(3242, 100600, 2013110, '2019-08-04', '2019-08-07', 1007),
(3243, 100095, 2013145, '2019-03-28', '2019-03-31', 1002),
(3244, 100172, 2013190, '2019-01-01', '2019-01-04', 1003),
(3245, 100153, 2013072, '2019-07-28', '2019-07-31', 1005),
(3246, 100630, 2013163, '2019-06-28', '2019-07-01', 1006),
(3247, 100261, 2013106, '2018-12-12', '2018-12-15', 1009),
(3248, 100585, 2013009, '2019-07-07', '2019-07-10', 1009),
(3249, 100293, 2013008, '2018-05-07', '2018-05-10', 1005),
(3250, 100062, 2013073, '2018-06-04', '2018-06-07', 1005),
(3251, 100247, 2013078, '2018-03-14', '2018-03-17', 1003),
(3252, 100101, 2013074, '2020-01-07', '2020-01-10', 1005),
(3253, 100533, 2013128, '2018-11-16', '2018-11-19', 1009),
(3254, 100351, 2013033, '2018-07-29', '2018-08-01', 1002),
(3255, 100258, 2013082, '2018-07-12', '2018-07-15', 1010),
(3256, 100263, 2013130, '2020-01-25', '2020-01-28', 1009),
(3257, 100061, 2013018, '2019-09-17', '2019-09-20', 1005),
(3258, 100022, 2013053, '2019-04-01', '2019-04-04', 1006),
(3259, 100100, 2013106, '2020-02-02', '2020-02-05', 1008),
(3260, 100568, 2013008, '2019-03-20', '2019-03-23', 1001),
(3261, 100204, 2013062, '2019-10-15', '2019-10-18', 1008),
(3262, 100565, 2013124, '2018-01-11', '2018-01-14', 1008),
(3263, 100603, 2013099, '2019-09-15', '2019-09-18', 1008),
(3264, 100260, 2013106, '2019-04-23', '2019-04-26', 1004),
(3265, 100563, 2013120, '2019-12-16', '2019-12-19', 1008),
(3266, 100590, 2013146, '2018-11-27', '2018-11-30', 1008),
(3267, 100633, 2013086, '2019-11-15', '2019-11-18', 1005),
(3268, 100114, 2013017, '2018-03-04', '2018-03-07', 1010),
(3269, 100008, 2013119, '2020-02-04', '2020-02-07', 1008),
(3270, 100003, 2013051, '2019-08-15', '2019-08-18', 1009),
(3271, 100351, 2013180, '2019-03-24', '2019-03-27', 1002),
(3272, 100395, 2013198, '2018-11-06', '2018-11-09', 1009),
(3273, 100070, 2013184, '2019-01-15', '2019-01-18', 1010),
(3274, 100566, 2013041, '2019-04-25', '2019-04-28', 1006),
(3275, 100432, 2013049, '2019-02-01', '2019-02-04', 1009),
(3276, 100696, 2013011, '2020-02-27', '2020-03-01', 1010),
(3277, 100455, 2013095, '2019-11-28', '2019-12-01', 1004),
(3278, 100613, 2013172, '2019-09-26', '2019-09-29', 1008),
(3279, 100423, 2013117, '2019-05-19', '2019-05-22', 1006),
(3280, 100288, 2013071, '2019-09-02', '2019-09-05', 1007),
(3281, 100361, 2013124, '2019-06-08', '2019-06-11', 1005),
(3282, 100297, 2013113, '2019-04-22', '2019-04-25', 1004),
(3283, 100615, 2013015, '2019-06-20', '2019-06-23', 1007),
(3284, 100022, 2013093, '2019-04-18', '2019-04-21', 1002),
(3285, 100027, 2013182, '2020-01-02', '2020-01-05', 1002),
(3286, 100492, 2013182, '2020-01-09', '2020-01-12', 1009),
(3287, 100555, 2013042, '2019-09-23', '2019-09-26', 1006),
(3288, 100235, 2013153, '2019-12-06', '2019-12-09', 1009),
(3289, 100139, 2013200, '2019-03-07', '2019-03-10', 1001),
(3290, 100307, 2013073, '2019-07-25', '2019-07-28', 1005),
(3291, 100414, 2013078, '2019-08-10', '2019-08-13', 1007),
(3292, 100349, 2013112, '2018-05-22', '2018-05-25', 1001),
(3293, 100067, 2013039, '2018-11-13', '2018-11-16', 1009),
(3294, 100276, 2013189, '2020-01-27', '2020-01-30', 1002),
(3295, 100484, 2013035, '2018-06-25', '2018-06-28', 1002),
(3296, 100023, 2013130, '2018-02-08', '2018-02-11', 1005),
(3297, 100582, 2013051, '2020-01-15', '2020-01-18', 1008),
(3298, 100270, 2013173, '2019-01-19', '2019-01-22', 1002),
(3299, 100429, 2013015, '2019-12-18', '2019-12-21', 1001),
(3300, 100322, 2013191, '2019-04-15', '2019-04-18', 1009),
(3301, 100107, 2013180, '2019-07-05', '2019-07-08', 1006),
(3302, 100345, 2013068, '2019-07-16', '2019-07-19', 1003),
(3303, 100257, 2013163, '2019-03-31', '2019-04-03', 1003),
(3304, 100272, 2013100, '2018-06-04', '2018-06-07', 1004),
(3305, 100028, 2013054, '2020-01-30', '2020-02-02', 1005),
(3306, 100621, 2013130, '2019-07-08', '2019-07-11', 1007),
(3307, 100693, 2013020, '2018-02-13', '2018-02-16', 1008),
(3308, 100078, 2013075, '2018-07-29', '2018-08-01', 1009),
(3309, 100238, 2013195, '2018-02-14', '2018-02-17', 1007),
(3310, 100331, 2013198, '2018-02-14', '2018-02-17', 1009),
(3311, 100133, 2013135, '2018-06-05', '2018-06-08', 1003),
(3312, 100183, 2013012, '2018-07-15', '2018-07-18', 1003),
(3313, 100483, 2013149, '2018-04-18', '2018-04-21', 1006),
(3314, 100123, 2013070, '2018-07-30', '2018-08-02', 1008),
(3315, 100073, 2013032, '2018-05-18', '2018-05-21', 1009),
(3316, 100047, 2013056, '2018-08-09', '2018-08-12', 1002),
(3317, 100127, 2013037, '2018-05-04', '2018-05-07', 1008),
(3318, 100253, 2013088, '2018-03-17', '2018-03-20', 1002),
(3319, 100635, 2013153, '2018-03-04', '2018-03-07', 1008),
(3320, 100559, 2013161, '2018-06-11', '2018-06-14', 1008),
(3321, 100416, 2013044, '2018-03-12', '2018-03-15', 1002),
(3322, 100101, 2013016, '2018-07-26', '2018-07-29', 1010),
(3323, 100234, 2013167, '2018-06-12', '2018-06-15', 1005),
(3324, 100338, 2013077, '2018-06-16', '2018-06-19', 1007),
(3325, 100438, 2013107, '2018-02-03', '2018-02-06', 1008),
(3326, 100569, 2013015, '2018-07-19', '2018-07-22', 1005),
(3327, 100090, 2013176, '2018-02-22', '2018-02-25', 1004),
(3328, 100303, 2013081, '2018-07-01', '2018-07-04', 1005),
(3329, 100635, 2013020, '2018-02-08', '2018-02-11', 1007),
(3330, 100238, 2013170, '2018-07-15', '2018-07-18', 1007),
(3331, 100320, 2013011, '2018-03-01', '2018-03-04', 1009),
(3332, 100587, 2013192, '2018-06-18', '2018-06-21', 1007),
(3333, 100558, 2013151, '2018-02-14', '2018-02-17', 1002),
(3334, 100519, 2013127, '2018-08-02', '2018-08-05', 1008),
(3335, 100020, 2013061, '2018-02-13', '2018-02-16', 1008),
(3336, 100650, 2013114, '2018-02-04', '2018-02-07', 1003),
(3337, 100649, 2013190, '2018-04-24', '2018-04-27', 1001),
(3338, 100667, 2013033, '2018-03-03', '2018-03-06', 1007),
(3339, 100180, 2013132, '2018-07-30', '2018-08-02', 1002),
(3340, 100116, 2013070, '2018-07-06', '2018-07-09', 1006),
(3341, 100681, 2013160, '2018-05-09', '2018-05-12', 1009),
(3342, 100204, 2013047, '2018-05-24', '2018-05-27', 1002),
(3343, 100150, 2013149, '2018-06-21', '2018-06-24', 1003),
(3344, 100056, 2013178, '2018-05-26', '2018-05-29', 1009),
(3345, 100504, 2013119, '2018-06-12', '2018-06-15', 1004),
(3346, 100025, 2013179, '2018-04-25', '2018-04-28', 1006),
(3347, 100427, 2013012, '2018-02-28', '2018-03-03', 1005),
(3348, 100575, 2013111, '2018-05-27', '2018-05-30', 1007),
(3349, 100461, 2013178, '2018-06-16', '2018-06-19', 1004),
(3350, 100362, 2013099, '2018-01-26', '2018-01-29', 1008),
(3351, 100179, 2013093, '2018-03-20', '2018-03-23', 1008),
(3352, 100324, 2013103, '2018-04-09', '2018-04-12', 1008),
(3353, 100478, 2013013, '2018-03-13', '2018-03-16', 1002),
(3354, 100247, 2013160, '2018-03-21', '2018-03-24', 1009),
(3355, 100554, 2013080, '2018-06-08', '2018-06-11', 1004),
(3356, 100020, 2013086, '2018-04-26', '2018-04-29', 1003),
(3357, 100638, 2013036, '2018-06-22', '2018-06-25', 1007),
(3358, 100380, 2013048, '2018-06-24', '2018-06-27', 1007),
(3359, 100048, 2013198, '2018-04-30', '2018-05-03', 1002),
(3360, 100704, 2013073, '2018-06-15', '2018-06-18', 1002),
(3361, 100539, 2013177, '2018-04-10', '2018-04-13', 1008),
(3362, 100328, 2013179, '2018-03-30', '2018-04-02', 1003),
(3363, 100181, 2013108, '2018-07-18', '2018-07-21', 1007),
(3364, 100260, 2013128, '2018-05-23', '2018-05-26', 1006),
(3365, 100007, 2013017, '2018-01-22', '2018-01-25', 1008),
(3366, 100468, 2013161, '2018-04-05', '2018-04-08', 1006),
(3367, 100190, 2013116, '2018-06-20', '2018-06-23', 1004),
(3368, 100515, 2013013, '2018-05-09', '2018-05-12', 1002),
(3369, 100039, 2013068, '2018-08-09', '2018-08-12', 1008),
(3370, 100114, 2013167, '2018-01-30', '2018-02-02', 1009),
(3371, 100293, 2013113, '2018-02-12', '2018-02-15', 1005),
(3372, 100468, 2013136, '2018-03-08', '2018-03-11', 1001),
(3373, 100641, 2013144, '2018-02-07', '2018-02-10', 1006),
(3374, 100184, 2013157, '2018-02-22', '2018-02-25', 1002),
(3375, 100600, 2013054, '2018-05-16', '2018-05-19', 1006),
(3376, 100403, 2013184, '2018-03-19', '2018-03-22', 1006),
(3377, 100632, 2013085, '2018-05-13', '2018-05-16', 1005),
(3378, 100590, 2013041, '2018-01-20', '2018-01-23', 1003),
(3379, 100449, 2013085, '2018-04-02', '2018-04-05', 1003),
(3380, 100698, 2013034, '2018-04-12', '2018-04-15', 1003),
(3381, 100601, 2013136, '2018-03-10', '2018-03-13', 1004),
(3382, 100100, 2013068, '2018-07-19', '2018-07-22', 1001),
(3383, 100574, 2013149, '2018-01-29', '2018-02-01', 1005),
(3384, 100603, 2013009, '2018-06-08', '2018-06-11', 1008),
(3385, 100013, 2013170, '2018-02-09', '2018-02-12', 1010),
(3386, 100588, 2013120, '2018-04-23', '2018-04-26', 1003),
(3387, 100422, 2013102, '2018-04-06', '2018-04-09', 1007),
(3388, 100280, 2013167, '2018-03-27', '2018-03-30', 1007),
(3389, 100430, 2013010, '2018-02-06', '2018-02-09', 1003),
(3390, 100055, 2013175, '2018-01-27', '2018-01-30', 1007),
(3391, 100087, 2013014, '2018-03-17', '2018-03-20', 1004),
(3392, 100174, 2013172, '2018-07-08', '2018-07-11', 1005),
(3393, 100259, 2013021, '2018-02-01', '2018-02-04', 1007),
(3394, 100487, 2013169, '2018-07-15', '2018-07-18', 1006),
(3395, 100229, 2013099, '2018-05-20', '2018-05-23', 1003),
(3396, 100444, 2013041, '2018-03-06', '2018-03-09', 1006),
(3397, 100034, 2013116, '2018-02-23', '2018-02-26', 1006),
(3398, 100545, 2013084, '2018-06-21', '2018-06-24', 1006),
(3399, 100274, 2013147, '2018-02-24', '2018-02-27', 1007),
(3400, 100434, 2013052, '2018-06-01', '2018-06-04', 1007),
(3401, 100238, 2013113, '2018-03-21', '2018-03-24', 1003),
(3402, 100608, 2013153, '2018-05-03', '2018-05-06', 1008),
(3403, 100231, 2013082, '2018-02-15', '2018-02-18', 1007),
(3404, 100188, 2013163, '2018-05-10', '2018-05-13', 1004),
(3405, 100515, 2013109, '2018-08-05', '2018-08-08', 1005),
(3406, 100077, 2013129, '2018-03-21', '2018-03-24', 1009),
(3407, 100286, 2013042, '2018-05-05', '2018-05-08', 1003),
(3408, 100054, 2013090, '2018-04-16', '2018-04-19', 1001),
(3409, 100151, 2013099, '2018-03-09', '2018-03-12', 1007),
(3410, 100445, 2013047, '2018-03-28', '2018-03-31', 1006),
(3411, 100032, 2013162, '2018-04-01', '2018-04-04', 1002),
(3412, 100074, 2013178, '2018-07-17', '2018-07-20', 1004),
(3413, 100328, 2013022, '2018-05-16', '2018-05-19', 1003),
(3414, 100287, 2013011, '2018-04-28', '2018-05-01', 1002),
(3415, 100627, 2013036, '2018-07-19', '2018-07-22', 1004),
(3416, 100649, 2013107, '2018-07-30', '2018-08-02', 1009),
(3417, 100621, 2013083, '2018-03-07', '2018-03-10', 1002),
(3418, 100015, 2013033, '2018-02-26', '2018-03-01', 1010),
(3419, 100480, 2013200, '2018-02-05', '2018-02-08', 1007),
(3420, 100230, 2013059, '2018-04-11', '2018-04-14', 1009),
(3421, 100007, 2013016, '2018-04-07', '2018-04-10', 1003),
(3422, 100481, 2013040, '2018-03-16', '2018-03-19', 1005),
(3423, 100644, 2013069, '2018-04-20', '2018-04-23', 1003),
(3424, 100574, 2013053, '2018-01-20', '2018-01-23', 1006),
(3425, 100627, 2013088, '2018-02-04', '2018-02-07', 1009),
(3426, 100079, 2013194, '2018-04-30', '2018-05-03', 1001),
(3427, 100542, 2013157, '2018-01-29', '2018-02-01', 1004),
(3428, 100587, 2013185, '2018-04-04', '2018-04-07', 1008),
(3429, 100448, 2013017, '2018-01-27', '2018-01-30', 1003),
(3430, 100233, 2013060, '2018-02-01', '2018-02-04', 1008),
(3431, 100442, 2013169, '2018-03-08', '2018-03-11', 1006),
(3432, 100588, 2013090, '2018-02-10', '2018-02-13', 1003),
(3433, 100411, 2013040, '2018-07-13', '2018-07-16', 1004),
(3434, 100228, 2013086, '2018-07-11', '2018-07-14', 1005),
(3435, 100083, 2013174, '2018-06-21', '2018-06-24', 1001),
(3436, 100148, 2013155, '2018-05-19', '2018-05-22', 1006),
(3437, 100048, 2013017, '2018-06-12', '2018-06-15', 1002),
(3438, 100703, 2013137, '2018-03-20', '2018-03-23', 1002),
(3439, 100455, 2013125, '2018-06-06', '2018-06-09', 1005),
(3440, 100254, 2013110, '2018-06-16', '2018-06-19', 1004),
(3441, 100329, 2013036, '2018-06-01', '2018-06-04', 1003),
(3442, 100663, 2013054, '2018-05-28', '2018-05-31', 1008),
(3443, 100095, 2013175, '2018-08-08', '2018-08-11', 1009),
(3444, 100576, 2013160, '2018-07-24', '2018-07-27', 1006),
(3445, 100689, 2013123, '2018-02-20', '2018-02-23', 1003),
(3446, 100695, 2013173, '2018-02-21', '2018-02-24', 1001),
(3447, 100602, 2013087, '2018-03-10', '2018-03-13', 1004),
(3448, 100529, 2013129, '2018-03-30', '2018-04-02', 1002),
(3449, 100596, 2013193, '2018-07-13', '2018-07-16', 1003),
(3450, 100468, 2013092, '2018-03-01', '2018-03-04', 1003),
(3451, 100685, 2013111, '2018-07-04', '2018-07-07', 1002),
(3452, 100155, 2013012, '2018-06-07', '2018-06-10', 1008),
(3453, 100071, 2013131, '2018-05-05', '2018-05-08', 1005),
(3454, 100101, 2013059, '2018-05-27', '2018-05-30', 1007),
(3455, 100554, 2013079, '2018-07-04', '2018-07-07', 1004),
(3456, 100125, 2013134, '2018-04-01', '2018-04-04', 1005),
(3457, 100584, 2013068, '2018-02-10', '2018-02-13', 1007),
(3458, 100596, 2013034, '2018-07-28', '2018-07-31', 1004),
(3459, 100198, 2013027, '2018-08-01', '2018-08-04', 1007),
(3460, 100274, 2013091, '2018-02-09', '2018-02-12', 1008),
(3461, 100317, 2013120, '2018-04-12', '2018-04-15', 1001),
(3462, 100296, 2013038, '2018-02-06', '2018-02-09', 1001),
(3463, 100391, 2013077, '2018-08-04', '2018-08-07', 1008),
(3464, 100190, 2013078, '2018-05-19', '2018-05-22', 1006),
(3465, 100021, 2013134, '2018-03-11', '2018-03-14', 1001),
(3466, 100188, 2013052, '2018-06-10', '2018-06-13', 1009),
(3467, 100269, 2013005, '2018-04-23', '2018-04-26', 1004),
(3468, 100254, 2013181, '2018-07-03', '2018-07-06', 1001),
(3469, 100307, 2013018, '2018-03-18', '2018-03-21', 1003),
(3470, 100212, 2013110, '2018-02-04', '2018-02-07', 1006),
(3471, 100246, 2013025, '2018-07-15', '2018-07-18', 1009),
(3472, 100567, 2013118, '2018-02-21', '2018-02-24', 1003),
(3473, 100605, 2013031, '2018-08-09', '2018-08-12', 1007),
(3474, 100671, 2013083, '2018-04-06', '2018-04-09', 1008),
(3475, 100576, 2013191, '2018-04-20', '2018-04-23', 1006),
(3476, 100613, 2013149, '2018-07-10', '2018-07-13', 1009),
(3477, 100040, 2013144, '2018-05-26', '2018-05-29', 1005),
(3478, 100217, 2013131, '2018-03-20', '2018-03-23', 1001),
(3479, 100286, 2013126, '2018-01-31', '2018-02-03', 1003),
(3480, 100200, 2013182, '2018-03-09', '2018-03-12', 1007),
(3481, 100696, 2013019, '2018-05-14', '2018-05-17', 1002),
(3482, 100436, 2013093, '2018-03-16', '2018-03-19', 1003),
(3483, 100434, 2013034, '2018-04-12', '2018-04-15', 1009),
(3484, 100175, 2013139, '2018-01-20', '2018-01-23', 1005),
(3485, 100617, 2013168, '2018-08-01', '2018-08-04', 1004),
(3486, 100125, 2013052, '2018-07-30', '2018-08-02', 1005),
(3487, 100429, 2013037, '2018-02-16', '2018-02-19', 1004),
(3488, 100551, 2013097, '2018-04-01', '2018-04-04', 1001),
(3489, 100242, 2013024, '2018-02-26', '2018-03-01', 1001),
(3490, 100230, 2013182, '2018-04-12', '2018-04-15', 1007),
(3491, 100353, 2013034, '2018-06-08', '2018-06-11', 1008),
(3492, 100266, 2013136, '2018-03-23', '2018-03-26', 1005),
(3493, 100207, 2013199, '2018-04-07', '2018-04-10', 1002),
(3494, 100271, 2013079, '2018-07-25', '2018-07-28', 1003),
(3495, 100532, 2013154, '2018-05-16', '2018-05-19', 1004),
(3496, 100074, 2013069, '2018-02-20', '2018-02-23', 1008),
(3497, 100028, 2013192, '2018-03-09', '2018-03-12', 1004),
(3498, 100058, 2013148, '2018-04-19', '2018-04-22', 1008),
(3499, 100076, 2013019, '2018-02-07', '2018-02-10', 1003),
(3500, 100291, 2013189, '2018-04-16', '2018-04-19', 1005),
(3501, 100356, 2013188, '2018-03-25', '2018-03-28', 1006),
(3502, 100691, 2013137, '2018-08-03', '2018-08-06', 1003),
(3503, 100174, 2013158, '2018-04-03', '2018-04-06', 1009),
(3504, 100596, 2013146, '2018-06-12', '2018-06-15', 1003),
(3505, 100577, 2013200, '2018-01-25', '2018-01-28', 1004),
(3506, 100048, 2013180, '2018-07-08', '2018-07-11', 1007),
(3507, 100642, 2013052, '2018-03-25', '2018-03-28', 1009),
(3508, 100257, 2013014, '2018-05-10', '2018-05-13', 1005),
(3509, 100633, 2013035, '2018-04-02', '2018-04-05', 1006),
(3510, 100102, 2013157, '2018-03-05', '2018-03-08', 1004),
(3511, 100122, 2013043, '2018-02-25', '2018-02-28', 1002),
(3512, 100659, 2013171, '2018-07-28', '2018-07-31', 1010),
(3513, 100649, 2013053, '2018-04-25', '2018-04-28', 1002),
(3514, 100571, 2013185, '2018-03-23', '2018-03-26', 1006),
(3515, 100113, 2013114, '2018-04-27', '2018-04-30', 1005),
(3516, 100349, 2013107, '2018-06-24', '2018-06-27', 1002),
(3517, 100545, 2013114, '2018-05-13', '2018-05-16', 1009),
(3518, 100505, 2013050, '2018-07-17', '2018-07-20', 1003);
INSERT INTO `prestamos` (`numero_prestamo`, `codigo_libro`, `carne_alumno`, `fecha_prestamo`, `fecha_devolucion`, `codigo_empleado`) VALUES
(3519, 100376, 2013156, '2018-05-10', '2018-05-13', 1008),
(3520, 100348, 2013180, '2018-04-27', '2018-04-30', 1004),
(3521, 100686, 2013196, '2018-05-29', '2018-06-01', 1009),
(3522, 100053, 2013044, '2018-03-04', '2018-03-07', 1005),
(3523, 100353, 2013037, '2018-07-28', '2018-07-31', 1003),
(3524, 100469, 2013072, '2018-06-26', '2018-06-29', 1004),
(3525, 100135, 2013130, '2018-07-16', '2018-07-19', 1006),
(3526, 100690, 2013047, '2018-07-15', '2018-07-18', 1010),
(3527, 100308, 2013094, '2018-03-08', '2018-03-11', 1005),
(3528, 100497, 2013154, '2018-04-01', '2018-04-04', 1003),
(3529, 100621, 2013036, '2018-07-12', '2018-07-15', 1005),
(3530, 100217, 2013057, '2018-08-09', '2018-08-12', 1005),
(3531, 100050, 2013058, '2018-02-25', '2018-02-28', 1005),
(3532, 100573, 2013063, '2018-02-17', '2018-02-20', 1007),
(3533, 100265, 2013046, '2018-07-31', '2018-08-03', 1006),
(3534, 100015, 2013143, '2018-05-18', '2018-05-21', 1006),
(3535, 100351, 2013060, '2018-06-16', '2018-06-19', 1005),
(3536, 100644, 2013143, '2018-02-23', '2018-02-26', 1006),
(3537, 100581, 2013031, '2018-03-10', '2018-03-13', 1002),
(3538, 100283, 2013108, '2018-04-09', '2018-04-12', 1010),
(3539, 100553, 2013086, '2018-08-10', '2018-08-13', 1005),
(3540, 100601, 2013096, '2018-08-10', '2018-08-13', 1006),
(3541, 100069, 2013026, '2018-04-13', '2018-04-16', 1009),
(3542, 100575, 2013100, '2018-03-04', '2018-03-07', 1002),
(3543, 100706, 2013107, '2018-02-21', '2018-02-24', 1009),
(3544, 100641, 2013123, '2018-06-26', '2018-06-29', 1007),
(3545, 100635, 2013160, '2018-03-22', '2018-03-25', 1010),
(3546, 100243, 2013010, '2018-08-07', '2018-08-10', 1004),
(3547, 100621, 2013108, '2018-06-09', '2018-06-12', 1009),
(3548, 100076, 2013108, '2018-06-18', '2018-06-21', 1006),
(3549, 100093, 2013007, '2018-08-04', '2018-08-07', 1008),
(3550, 100459, 2013146, '2018-04-03', '2018-04-06', 1003),
(3551, 100407, 2013033, '2018-02-11', '2018-02-14', 1002),
(3552, 100107, 2013178, '2018-01-21', '2018-01-24', 1006),
(3553, 100207, 2013081, '2018-04-15', '2018-04-18', 1009),
(3554, 100131, 2013147, '2018-06-11', '2018-06-14', 1010),
(3555, 100481, 2013037, '2018-03-03', '2018-03-06', 1006),
(3556, 100048, 2013068, '2018-04-28', '2018-05-01', 1005),
(3557, 100212, 2013133, '2018-03-02', '2018-03-05', 1010),
(3558, 100541, 2013124, '2018-07-18', '2018-07-21', 1001),
(3559, 100665, 2013083, '2018-06-30', '2018-07-03', 1009),
(3560, 100398, 2013175, '2018-06-29', '2018-07-02', 1003),
(3561, 100369, 2013010, '2018-04-06', '2018-04-09', 1005),
(3562, 100262, 2013195, '2018-04-14', '2018-04-17', 1009),
(3563, 100557, 2013171, '2018-07-30', '2018-08-02', 1006),
(3564, 100008, 2013165, '2018-04-05', '2018-04-08', 1008),
(3565, 100261, 2013141, '2018-04-30', '2018-05-03', 1003),
(3566, 100443, 2013120, '2018-02-23', '2018-02-26', 1007),
(3567, 100472, 2013018, '2018-06-06', '2018-06-09', 1007),
(3568, 100534, 2013080, '2018-06-24', '2018-06-27', 1005),
(3569, 100049, 2013158, '2018-06-22', '2018-06-25', 1003),
(3570, 100553, 2013155, '2018-07-11', '2018-07-14', 1007),
(3571, 100635, 2013019, '2018-05-15', '2018-05-18', 1009),
(3572, 100400, 2013032, '2018-02-20', '2018-02-23', 1004),
(3573, 100676, 2013157, '2018-06-12', '2018-06-15', 1008),
(3574, 100114, 2013023, '2018-04-15', '2018-04-18', 1008),
(3575, 100073, 2013021, '2018-04-09', '2018-04-12', 1009),
(3576, 100523, 2013180, '2018-02-06', '2018-02-09', 1003),
(3577, 100368, 2013079, '2018-02-12', '2018-02-15', 1006),
(3578, 100589, 2013030, '2018-02-14', '2018-02-17', 1003),
(3579, 100207, 2013122, '2018-02-18', '2018-02-21', 1006),
(3580, 100294, 2013175, '2018-08-06', '2018-08-09', 1009),
(3581, 100528, 2013092, '2018-04-26', '2018-04-29', 1007),
(3582, 100296, 2013030, '2018-01-27', '2018-01-30', 1005),
(3583, 100078, 2013082, '2018-03-31', '2018-04-03', 1003),
(3584, 100221, 2013197, '2018-06-18', '2018-06-21', 1002),
(3585, 100251, 2013034, '2018-03-23', '2018-03-26', 1008);

--
-- Índices para tablas volcadas
--

--
-- Indices de la tabla `autores`
--
ALTER TABLE `autores`
  ADD PRIMARY KEY (`codigo_autor`);

--
-- Indices de la tabla `editoriales`
--
ALTER TABLE `editoriales`
  ADD PRIMARY KEY (`codigo_editorial`);

--
-- Indices de la tabla `empleados`
--
ALTER TABLE `empleados`
  ADD PRIMARY KEY (`codigo_empleado`);

--
-- Indices de la tabla `estados`
--
ALTER TABLE `estados`
  ADD PRIMARY KEY (`codigo_estado`);

--
-- Indices de la tabla `estudiantes`
--
ALTER TABLE `estudiantes`
  ADD PRIMARY KEY (`carne_alumno`),
  ADD KEY `codigo_grado` (`codigo_grado`);

--
-- Indices de la tabla `grados`
--
ALTER TABLE `grados`
  ADD PRIMARY KEY (`codigo_grado`);

--
-- Indices de la tabla `libros`
--
ALTER TABLE `libros`
  ADD PRIMARY KEY (`codigo_libro`),
  ADD KEY `Codigoautor` (`codigo_autor`,`codigo_editorial`,`estado`),
  ADD KEY `estado` (`estado`),
  ADD KEY `Codigoeditorial` (`codigo_editorial`);

--
-- Indices de la tabla `prestamos`
--
ALTER TABLE `prestamos`
  ADD PRIMARY KEY (`numero_prestamo`),
  ADD KEY `Codigolibro` (`codigo_libro`,`carne_alumno`,`codigo_empleado`),
  ADD KEY `codempleado` (`codigo_empleado`),
  ADD KEY `CarneAlumno` (`carne_alumno`);

--
-- Restricciones para tablas volcadas
--

--
-- Filtros para la tabla `estudiantes`
--
ALTER TABLE `estudiantes`
  ADD CONSTRAINT `estudiantes_ibfk_1` FOREIGN KEY (`codigo_grado`) REFERENCES `grados` (`codigo_grado`) ON DELETE CASCADE ON UPDATE CASCADE;

--
-- Filtros para la tabla `libros`
--
ALTER TABLE `libros`
  ADD CONSTRAINT `libros_ibfk_1` FOREIGN KEY (`estado`) REFERENCES `estados` (`codigo_estado`) ON DELETE CASCADE ON UPDATE CASCADE,
  ADD CONSTRAINT `libros_ibfk_2` FOREIGN KEY (`codigo_editorial`) REFERENCES `editoriales` (`codigo_editorial`) ON DELETE CASCADE ON UPDATE CASCADE,
  ADD CONSTRAINT `libros_ibfk_3` FOREIGN KEY (`codigo_autor`) REFERENCES `autores` (`codigo_autor`) ON DELETE CASCADE ON UPDATE CASCADE;

--
-- Filtros para la tabla `prestamos`
--
ALTER TABLE `prestamos`
  ADD CONSTRAINT `prestamos_ibfk_1` FOREIGN KEY (`codigo_empleado`) REFERENCES `empleados` (`codigo_empleado`) ON DELETE CASCADE ON UPDATE CASCADE,
  ADD CONSTRAINT `prestamos_ibfk_2` FOREIGN KEY (`carne_alumno`) REFERENCES `estudiantes` (`carne_alumno`) ON DELETE CASCADE ON UPDATE CASCADE,
  ADD CONSTRAINT `prestamos_ibfk_3` FOREIGN KEY (`codigo_libro`) REFERENCES `libros` (`codigo_libro`) ON DELETE CASCADE ON UPDATE CASCADE;
COMMIT;

/*!40101 SET CHARACTER_SET_CLIENT=@OLD_CHARACTER_SET_CLIENT */;
/*!40101 SET CHARACTER_SET_RESULTS=@OLD_CHARACTER_SET_RESULTS */;
/*!40101 SET COLLATION_CONNECTION=@OLD_COLLATION_CONNECTION */;
